id;name;preview_picture;preview_text;detail_picture;detail_text;xml_id;code;delopro;iblock_section;sku;color;brand;length;width;braid;weight;country;manufactured;warehouse;delivery_on;delivery_min;delivery_max;sample;calculation
;Болонья ПА ;/temp/Bolonia_1305.JPG;;/temp/Bolonia_1305.JPG;;6612;6612;Болонья ПА ВО бордо(12);Рабочие;6612;721439;;;150;linen;62;Китай;30.11.2015;да;да;2;7;да;да
;Болонья ПА ;/temp/Bolonia_1304vas.JPG;;/temp/Bolonia_1304vas.JPG;;6602;6602;Болонья ПА ВО вас(3);Рабочие;6602;0030b4;;;150;linen;62;Китай;30.11.2015;да;да;2;7;да;да
;Болонья ПА ;/temp/Bolonia_1521jilt.JPG;;/temp/Bolonia_1521jilt.JPG;;6607;6607;Болонья ПА ВО желт(7);Рабочие;6607;ffd400;;;150;linen;62;Китай;30.11.2015;да;да;2;7;да;да
;Болонья ПА ;/temp/Bolonia_1312zel.JPG;;/temp/Bolonia_1312zel.JPG;;6603;6603;Болонья ПА ВО зел(4);Рабочие;6603;206344;;;150;linen;62;Китай;30.11.2015;да;да;2;7;да;да
;Болонья ПА ;/temp/Bolonia_1917kras.JPG;;/temp/Bolonia_1917kras.JPG;;6606;6606;Болонья ПА ВО красн(6);Рабочие;6606;da0000;;;150;linen;62;Китай;30.11.2015;да;да;2;7;да;да
;Болонья ПА ;/temp/Bolonia_1317oranj.JPG;;/temp/Bolonia_1317oranj.JPG;;6613;6613;Болонья ПА ВО люм.оран.(10);Рабочие;6613;ff6500;;;150;linen;62;Китай;30.11.2015;да;да;2;7;да;да
;Болонья ПА ;/temp/Bolonia_1426oranj.JPG;;/temp/Bolonia_1426oranj.JPG;;6610;6610;Болонья ПА ВО оран(9);Рабочие;6610;ea7000;;;150;linen;62;Китай;30.11.2015;да;да;2;7;да;да
;Болонья ПА ;/temp/Bolonia_1309Bel.JPG;;/temp/Bolonia_1309Bel.JPG;;6600;6600;Болонья ПА ВО отб(0);Рабочие;6600;ffffff;;;150;linen;62;Китай;30.11.2015;да;да;2;7;да;да
;Болонья ПА ;/temp/Bolonia_1313svser.JPG;;/temp/Bolonia_1313svser.JPG;;6609;6609;Болонья ПА ВО св.сер(11);Рабочие;6609;d3d3d3;;;150;linen;62;Китай;30.11.2015;да;да;2;7;да;да
;Болонья ПА ;/temp/Bolonia_1321Sin.JPG;;/temp/Bolonia_1321Sin.JPG;;6599;6599;Болонья ПА ВО син(2);Рабочие;6599;1d0072;;;150;linen;62;Китай;30.11.2015;да;да;2;7;да;да
;Болонья ПА ;/temp/Bolonia_8362oliva19.JPG;;/temp/Bolonia_8362oliva19.JPG;;4119;4119;Болонья ПА ВО т.олив. 19;Рабочие;4119;464636;;;150;linen;62;Китай;30.11.2015;да;да;2;7;да;да
;Болонья ПА ;/temp/Bolonia_2013ser.JPG;;/temp/Bolonia_2013ser.JPG;;6608;6608;Болонья ПА ВО т.сер(8);Рабочие;6608;5c5c5c;;;150;linen;62;Китай;30.11.2015;да;да;2;7;да;да
;Болонья ПА ;/temp/Bolonia_1390trava.JPG;;/temp/Bolonia_1390trava.JPG;;6604;6604;Болонья ПА ВО трава(17-6153);Рабочие;6604;1d845e;;;150;linen;62;Китай;30.11.2015;да;да;2;7;да;да
;Болонья ПА ;/temp/Bolonia_19134ern.JPG;;/temp/Bolonia_19134ern.JPG;;6601;6601;Болонья ПА ВО черн(1);Рабочие;6601;000000;;;150;linen;62;Китай;30.11.2015;да;да;2;7;да;да
;Болонья ПВХ;/temp/Bolonia_13321sin.JPG;;/temp/Bolonia_13321sin.JPG;;4858;4858;Болонья ПВХ ВО син(02);Рабочие;4858;1d0072;;;150;linen;220;Китай;30.11.2015;да;да;2;7;да;да
;Болонья ПВХ;/temp/Bolonia_83662oliva19.JPG;;/temp/Bolonia_83662oliva19.JPG;;4118;4118;Болонья ПВХ ВО т.олив. 19;Рабочие;4118;464636;;;150;linen;220;Китай;30.11.2015;да;да;2;7;да;да
;Болонья ПВХ;/temp/Bolonia_19913ern.JPG;;/temp/Bolonia_19913ern.JPG;;4857;4857;Болонья ПВХ ВО черн;Рабочие;4857;000000;;;150;linen;220;Китай;30.11.2015;да;да;2;7;да;да
;Болонья сильвер ;/temp/Bolonia_1304vas3.JPG;;/temp/Bolonia_1304vas3.JPG;;6615;6615;Болонья сильвер PU ВО вас(3);Рабочие;6615;0030b4;;;150;linen;62;Китай;30.11.2015;да;да;2;7;да;да
;Болонья сильвер ;/temp/Bolonia_1318krasn.JPG;;/temp/Bolonia_1318krasn.JPG;;6617;6617;Болонья сильвер PU ВО красн(6);Рабочие;6617;da0000;;;150;linen;62;Китай;30.11.2015;да;да;2;7;да;да
;Болонья сильвер ;/temp/Bolonia_1313svser.JPG;;/temp/Bolonia_1313svser.JPG;;6619;6619;Болонья сильвер PU ВО св.сер(11);Рабочие;6619;d3d3d3;;;150;linen;62;Китай;30.11.2015;да;да;2;7;да;да
;Болонья сильвер ;/temp/Bolonia_1290t_oliva19.JPG;;/temp/Bolonia_1290t_oliva19.JPG;;4120;4120;Болонья сильвер PU ВО т.олив. 19;Рабочие;4120;464636;;;150;linen;62;Китай;30.11.2015;да;да;2;7;да;да
;Болонья сильвер ;/temp/Bolonia_1413tser.JPG;;/temp/Bolonia_1413tser.JPG;;6618;6618;Болонья сильвер PU ВО т.сер(8);Рабочие;6618;5c5c5c;;;150;linen;62;Китай;30.11.2015;да;да;2;7;да;да
;Болонья сильвер ;/temp/Bolonia_1390trava.JPG;;/temp/Bolonia_1390trava.JPG;;6616;6616;Болонья сильвер PU ВО трава(17-6153);Рабочие;6616;1d845e;;;150;linen;62;Китай;30.11.2015;да;да;2;7;да;да
;Болонья сильвер ;/temp/Bolonia_12874ern.JPG;;/temp/Bolonia_12874ern.JPG;;6614;6614;Болонья сильвер PU ВО черн(1);Рабочие;6614;000000;;;150;linen;62;Китай;30.11.2015;да;да;2;7;да;да
;Габардин ;/temp/Gabardin_bej .JPG;;/temp/Gabardin_bej .JPG;;6189;6189;Габардин ш.150 беж. (40);Рабочие;6189;e4c4a1;;;150;linen;160;Китай;30.11.2015;да;да;2;7;да;да
;Габардин ;/temp/Gabardin_biruza12.JPG;;/temp/Gabardin_biruza12.JPG;;5926;5926;Габардин ш.150 бирюз (12);Рабочие;5926;6fd8e2;;;150;linen;160;Китай;30.11.2015;да;да;2;7;да;да
;Габардин ;/temp/Gadardin_bordo14.JPG;;/temp/Gadardin_bordo14.JPG;;5927;5927;Габардин ш.150 бордо (14);Рабочие;5927;721439;;;150;linen;160;Китай;30.11.2015;да;да;2;7;да;да
;Габардин ;/temp/Gabardin_vas13.JPG;;/temp/Gabardin_vas13.JPG;;6184;6184;Габардин ш.150 вас. (13);Рабочие;6184;0030b4;;;150;linen;160;Китай;30.11.2015;да;да;2;7;да;да
;Габардин ;/temp/Gabardin_jilt4.JPG;;/temp/Gabardin_jilt4.JPG;;6180;6180;Габардин ш.150 желт (4);Рабочие;6180;ffd400;;;150;linen;160;Китай;30.11.2015;да;да;2;7;да;да
;Габардин ;/temp/Gabardin_jilt7.JPG;;/temp/Gabardin_jilt7.JPG;;4092;4092;Габардин ш.150 желт (7);Рабочие;4092;ffd400;;;150;linen;160;Китай;30.11.2015;да;да;2;7;да;да
;Габардин ;/temp/Gabardin_zel1.JPG;;/temp/Gabardin_zel1.JPG;;5923;5923;Габардин ш.150 зел (1);Рабочие;5923;206344;;;150;linen;160;Китай;30.11.2015;да;да;2;7;да;да
;Габардин ;/temp/Gabardin_kor19.JPG;;/temp/Gabardin_kor19.JPG;;6190;6190;Габардин ш.150 кор. (19);Рабочие;6190;492c21;;;150;linen;160;Китай;30.11.2015;да;да;2;7;да;да
;Габардин ;/temp/Gabardin_krasn16.JPG;;/temp/Gabardin_krasn16.JPG;;5928;5928;Габардин ш.150 красн (16);Рабочие;5928;da0000;;;150;linen;160;Китай;30.11.2015;да;да;2;7;да;да
;Габардин ;/temp/Gabardin_lumoranj10.JPG;;/temp/Gabardin_lumoranj10.JPG;;6191;6191;Габардин ш.150 люм.оран. (10);Рабочие;6191;ff6500;;;150;linen;160;Китай;30.11.2015;да;да;2;7;да;да
;Габардин ;/temp/Gabardin_oranj11.JPG;;/temp/Gabardin_oranj11.JPG;;6852;6852;Габардин ш.150 оранж. (11);Рабочие;6852;ea7000;;;150;linen;160;Китай;30.11.2015;да;да;2;7;да;да
;Габардин ;/temp/Gabardin_bel0.JPG;;/temp/Gabardin_bel0.JPG;;5919;5919;Габардин ш.150 отб. (0);Рабочие;5919;ffffff;;;150;linen;160;Китай;30.11.2015;да;да;2;7;да;да
;Габардин ;/temp/Gabardin_svgol11.JPG;;/temp/Gabardin_svgol11.JPG;;6183;6183;Габардин ш.150 св. гол. (11);Рабочие;6183;62d9ff;;;150;linen;160;Китай;30.11.2015;да;да;2;7;да;да
;Габардин ;/temp/Gabardin_svzel2.JPG;;/temp/Gabardin_svzel2.JPG;;6179;6179;Габардин ш.150 св. зел (2);Рабочие;6179;bcf5d9;;;150;linen;160;Китай;30.11.2015;да;да;2;7;да;да
;Габардин ;/temp/Gabardin_trava17-6153.JPG;;/temp/Gabardin_trava17-6153.JPG;;6853;6853;Габардин ш.150 светлая трава (17-6153);Рабочие;6853;1d845e;;;150;linen;160;Китай;30.11.2015;да;да;2;7;да;да
;Габардин ;/temp/Gabardin_sin9.JPG;;/temp/Gabardin_sin9.JPG;;6182;6182;Габардин ш.150 т.син (9);Рабочие;6182;1d0072;;;150;linen;160;Китай;30.11.2015;да;да;2;7;да;да
;Габардин ;/temp/Gabardin_4ern6.JPG;;/temp/Gabardin_4ern6.JPG;;5925;5925;Габардин ш.150 черн (6);Рабочие;5925;000000;;;150;linen;160;Китай;30.11.2015;да;да;2;7;да;да
;Габардин ;/temp/Gabardin_elektric5.JPG;;/temp/Gabardin_elektric5.JPG;;5924;5924;Габардин ш.150 электр (5);Рабочие;5924;0030b4;;;150;linen;160;Китай;30.11.2015;да;да;2;7;да;да
;Гарда 200 ;/temp/Gaurda200_vas611.JPG;;/temp/Gaurda200_vas611.JPG;;7411;7411;Гарда 200 80/20 вас.(Э 611);Рабочие;7411;0030b4;guarda;60;150;serge;200;Китай;30.11.2015;да;да;2;7;да;да
;Гарда 200 ;/temp/Gaurda200_vas3.JPG;;/temp/Gaurda200_vas3.JPG;;4532;4532;Гарда 200 80/20 вас.3;Рабочие;4532;0030b4;guarda;60;150;serge;200;Китай;30.11.2015;да;да;2;7;да;да
;Гарда 200;/temp/Gaurda200_zel134.JPG;;/temp/Gaurda200_zel134.JPG;;7403;7403;Гарда 200 80/20 зел.(Э 134);Рабочие;7403;206344;guarda;60;150;serge;200;Китай;30.11.2015;да;да;2;7;да;да
;Гарда 200;/temp/Gaurda200_zel4.JPG;;/temp/Gaurda200_zel4.JPG;;4534;4534;Гарда 200 80/20 зелен.4;Рабочие;4534;206344;guarda;60;150;serge;200;Китай;30.11.2015;да;да;2;7;да;да
;Гарда 200;/temp/Gaurda200_kras223.JPG;;/temp/Gaurda200_kras223.JPG;;7404;7404;Гарда 200 80/20 красн.(Э 223);Рабочие;7404;da0000;guarda;60;150;serge;200;Китай;30.11.2015;да;да;2;7;да;да
;Гарда 200;/temp/Gaurda200_kras6.JPG;;/temp/Gaurda200_kras6.JPG;;6127;6127;Гарда 200 80/20 красн.6;Рабочие;6127;da0000;guarda;60;150;serge;200;Китай;30.11.2015;да;да;2;7;да;да
;Гарда 200;;;;;2398;2398;Гарда 200 80/20 олив(521);Рабочие;2398;62624c;guarda;60;150;serge;200;Китай;30.11.2015;да;да;2;7;да;да
;Гарда 200;;;;;6645;6645;Гарда 200 80/20 оран(Э267);Рабочие;6645;ea7000;guarda;60;150;serge;200;Китай;30.11.2015;да;да;2;7;да;да
;Гарда 200;;;;;2862;2862;Гарда 200 80/20 оран(Э407);Рабочие;2862;ea7000;guarda;60;150;serge;200;Китай;30.11.2015;да;да;2;7;да;да
;Гарда 200;/temp/Gaurda200_oranj11.JPG;;/temp/Gaurda200_oranj11.JPG;;4536;4536;Гарда 200 80/20 оранж.11;Рабочие;4536;ea7000;guarda;60;150;serge;200;Китай;30.11.2015;да;да;2;7;да;да
;Гарда 200;;;;;4535;4535;Гарда 200 80/20 отб. 0;Рабочие;4535;ffffff;guarda;60;150;serge;200;Китай;30.11.2015;да;да;2;7;да;да
;Гарда 200;;;;;7408;7408;Гарда 200 80/20 отб.(Э 158);Рабочие;7408;ffffff;guarda;60;150;serge;200;Китай;30.11.2015;да;да;2;7;да;да
;Гарда 200;;;;;6642;6642;Гарда 200 80/20 св.сер(Э618);Рабочие;6642;d3d3d3;guarda;60;150;serge;200;Китай;30.11.2015;да;да;2;7;да;да
;Гарда 200;;;;;7462;7462;Гарда 200 80/20 сер(Э 601);Рабочие;7462;8d8d8d;guarda;60;150;serge;200;Китай;30.11.2015;да;да;2;7;да;да
;Гарда 200;/temp/Gaurda200_tzel251.JPG;;/temp/Gaurda200_tzel251.JPG;;6644;6644;Гарда 200 80/20 т.зел(Э251);Рабочие;6644;0f4531;guarda;60;150;serge;200;Китай;30.11.2015;да;да;2;7;да;да
;Гарда 200;/temp/Gaurda200_toliva55.JPG;;/temp/Gaurda200_toliva55.JPG;;2400;2400;Гарда 200 80/20 т.олив(55);Рабочие;2400;464636;guarda;60;150;serge;200;Китай;30.11.2015;да;да;2;7;да;да
;Гарда 200;;;;;7409;7409;Гарда 200 80/20 т.сер.(Э 8);Рабочие;7409;5c5c5c;guarda;60;150;serge;200;Китай;30.11.2015;да;да;2;7;да;да
;Гарда 200;;;;;6128;6128;Гарда 200 80/20 т.сер.8;Рабочие;6128;5c5c5c;guarda;60;150;serge;200;Китай;30.11.2015;да;да;2;7;да;да
;Гарда 200;;;;;6643;6643;Гарда 200 80/20 т.син(Э259);Рабочие;6643;1d0072;guarda;60;150;serge;200;Китай;30.11.2015;да;да;2;7;да;да
;Гарда 200;/temp/Gaurda200_tsin2.JPG;;/temp/Gaurda200_tsin2.JPG;;4533;4533;Гарда 200 80/20 т.син.(02);Рабочие;4533;1d0072;guarda;60;150;serge;200;Китай;30.11.2015;да;да;2;7;да;да
;Гарда 200;;;;;7412;7412;Гарда 200 80/20 т.син.(Э 145);Рабочие;7412;1d0072;guarda;60;150;serge;200;Китай;30.11.2015;да;да;2;7;да;да
;Гарда 200;;;;;7410;7410;Гарда 200 80/20 черн.(Э 635);Рабочие;7410;000000;guarda;60;150;serge;200;Китай;30.11.2015;да;да;2;7;да;да
;Гарда 200;/temp/Gaurda200_4ern1.JPG;;/temp/Gaurda200_4ern1.JPG;;6126;6126;Гарда 200 80/20 черн.1;Рабочие;6126;000000;guarda;60;150;serge;200;Китай;30.11.2015;да;да;2;7;да;да
;Гарда 200;/temp/Gaurda200ris2(80_20).JPG;;/temp/Gaurda200ris2(80_20).JPG;;6129;6129;Гарда 200 80/20 кам. рис.2;Рабочие;6129;camouflage;guarda;60;150;serge;200;Китай;30.11.2015;да;да;2;7;да;да
;Гарда 200;/temp/Gaurda200Kamuw 12(80_20).JPG;;/temp/Gaurda200Kamuw 12(80_20).JPG;;6135;6135;Гарда 200 80/20 кам.12 камыш;Рабочие;6135;camouflage;guarda;60;150;serge;200;Китай;30.11.2015;да;да;2;7;да;да
;Гарда 200;;;;;6131;6131;Гарда 200 80/20 кам.13 дубок;Рабочие;6131;camouflage;guarda;60;150;serge;200;Китай;30.11.2015;да;да;2;7;да;да
;Гарда 200;/temp/Gaurda200Dubok19(80_20).JPG;;/temp/Gaurda200Dubok19(80_20).JPG;;6134;6134;Гарда 200 80/20 кам.19 дубок;Рабочие;6134;camouflage;guarda;60;150;serge;200;Китай;30.11.2015;да;да;2;7;да;да
;Гарда 200;;;;;6133;6133;Гарда 200 80/20 кам.25 дубок;Рабочие;6133;camouflage;guarda;60;150;serge;200;Китай;30.11.2015;да;да;2;7;да;да
;Гарда 200;/temp/Gaurda200more29(80_20).JPG;;/temp/Gaurda200more29(80_20).JPG;;6130;6130;Гарда 200 80/20 кам.29 море;Рабочие;6130;camouflage;guarda;60;150;serge;200;Китай;30.11.2015;да;да;2;7;да;да
;Гарда 200;/temp/Gaurda200Prikord(80_20).JPG;;/temp/Gaurda200Prikord(80_20).JPG;;2867;2867;Гарда 200 80/20 кам.3 пограничник;Рабочие;2867;camouflage;guarda;60;150;serge;200;Китай;30.11.2015;да;да;2;7;да;да
;Гарда 200;/temp/Gaurda200Multicam 4(80_20).JPG;;/temp/Gaurda200Multicam 4(80_20).JPG;;3642;3642;Гарда 200 80/20 кам.4 мультикам;Рабочие;3642;camouflage;guarda;60;150;serge;200;Китай;30.11.2015;да;да;2;7;да;да
;Гарда 200;/temp/Gaurda200Acupat 5(80_20).JPG;;/temp/Gaurda200Acupat 5(80_20).JPG;;3638;3638;Гарда 200 80/20 кам.5 акупат;Рабочие;3638;camouflage;guarda;60;150;serge;200;Китай;30.11.2015;да;да;2;7;да;да
;Гарда 200;/temp/Gaurda200Digital Woodland 6(80_20).JPG;;/temp/Gaurda200Digital Woodland 6(80_20).JPG;;3639;3639;Гарда 200 80/20 кам.6 диджитал вудленд;Рабочие;3639;camouflage;guarda;60;150;serge;200;Китай;30.11.2015;да;да;2;7;да;да
;Гарда 200;/temp/Gaurda200Digital 7(80_20).JPG;;/temp/Gaurda200Digital 7(80_20).JPG;;3640;3640;Гарда 200 80/20 кам.7 диджитал;Рабочие;3640;camouflage;guarda;60;150;serge;200;Китай;30.11.2015;да;да;2;7;да;да
;Гарда 200;;;;;2403;2403;Гарда 200 80/20 кам.8;Рабочие;2403;camouflage;guarda;60;150;serge;200;Китай;30.11.2015;да;да;2;7;да;да
;Гарда 200;/temp/Gaurda200MO(80_20).JPG;;/temp/Gaurda200MO(80_20).JPG;;4627;4627;Гарда 200 80/20 кам.9 мин.обороны;Рабочие;4627;camouflage;guarda;60;150;serge;200;Китай;30.11.2015;да;да;2;7;да;да
;Гарда 200 Рип-Стоп;;;;;6304;6304;Гарда 200 ВО Рип-Стоп кам. рис. 2;Рабочие;6304;camouflage;guarda;60;150;linenripstop;200;Китай;30.11.2015;да;да;2;7;да;да
;Гарда 200 Рип-Стоп;;;;;6303;6303;Гарда 200 ВО Рип-Стоп кам.12 камыш ;Рабочие;6303;camouflage;guarda;60;150;linenripstop;200;Китай;30.11.2015;да;да;2;7;да;да
;Гарда 200 Рип-Стоп;;;;;6302;6302;Гарда 200 ВО Рип-Стоп кам.13 дубок;Рабочие;6302;camouflage;guarda;60;150;linenripstop;200;Китай;30.11.2015;да;да;2;7;да;да
;Гарда 200 Рип-Стоп;;;;;6301;6301;Гарда 200 ВО Рип-Стоп кам.29 море;Рабочие;6301;camouflage;guarda;60;150;linenripstop;200;Китай;30.11.2015;да;да;2;7;да;да
;Гарда 200 Рип-Стоп;;;;;2397;2397;Гарда 200 Рип-Стоп зел (Э134);Рабочие;2397;206344;guarda;60;150;linenripstop;200;Китай;30.11.2015;да;да;2;7;да;да
;Гарда 200 Рип-Стоп;/temp/Gaurda200ris2.JPG;;/temp/Gaurda200ris2.JPG;;5935;5935;Гарда 200 Рип-Стоп кам. рис.2;Рабочие;5935;camouflage;guarda;60;150;linenripstop;200;Китай;30.11.2015;да;да;2;7;да;да
;Гарда 200 Рип-Стоп;;;;;3678;3678;Гарда 200 Рип-Стоп кам.29 море;Рабочие;3678;camouflage;guarda;60;150;linenripstop;200;Китай;30.11.2015;да;да;2;7;да;да
;Гарда 200 Рип-Стоп;/temp/Gaurda200Prikordon 3.JPG;;/temp/Gaurda200Prikordon 3.JPG;;2863;2863;Гарда 200 Рип-Стоп кам.3 пограничник;Рабочие;2863;camouflage;guarda;60;150;linenripstop;200;Китай;30.11.2015;да;да;2;7;да;да
;Гарда 200 Рип-Стоп;;;;;3675;3675;Гарда 200 Рип-Стоп кам.4 мультикам;Рабочие;3675;camouflage;guarda;60;150;linenripstop;200;Китай;30.11.2015;да;да;2;7;да;да
;Гарда 200 Рип-Стоп;/temp/Gaurda200Acupat 5.JPG;;/temp/Gaurda200Acupat 5.JPG;;3645;3645;Гарда 200 Рип-Стоп кам.5 акупат;Рабочие;3645;camouflage;guarda;60;150;linenripstop;200;Китай;30.11.2015;да;да;2;7;да;да
;Гарда 200 Рип-Стоп;/temp/Gaurda200Digital Woodland 6.JPG;;/temp/Gaurda200Digital Woodland 6.JPG;;3657;3657;Гарда 200 Рип-Стоп кам.6 диджитал вудленд;Рабочие;3657;camouflage;guarda;60;150;linenripstop;200;Китай;30.11.2015;да;да;2;7;да;да
;Гарда 200 Рип-Стоп;/temp/Gaurda200Digital 7.JPG;;/temp/Gaurda200Digital 7.JPG;;3658;3658;Гарда 200 Рип-Стоп кам.7 диджитал;Рабочие;3658;camouflage;guarda;60;150;linenripstop;200;Китай;30.11.2015;да;да;2;7;да;да
;Гарда 200 Рип-Стоп;/temp/Gaurda200Digital Urban 8.JPG;;/temp/Gaurda200Digital Urban 8.JPG;;3671;3671;Гарда 200 Рип-Стоп кам.8 диджитал урбан;Рабочие;3671;camouflage;guarda;60;150;linenripstop;200;Китай;30.11.2015;да;да;2;7;да;да
;Гарда 200 Рип-Стоп;/temp/Gaurda200MO9.JPG;;/temp/Gaurda200MO9.JPG;;3772;3772;Гарда 200 Рип-Стоп кам.9 мин.обороны;Рабочие;3772;camouflage;guarda;60;150;linenripstop;200;Китай;30.11.2015;да;да;2;7;да;да
;Гарда 200 Рип-Стоп;/temp/Gaurda200(521).JPG;;/temp/Gaurda200(521).JPG;;3679;3679;Гарда 200 Рип-Стоп олив(Э521);Рабочие;3679;62624c;guarda;60;150;linenripstop;200;Китай;30.11.2015;да;да;2;7;да;да
;Гарда 200 Рип-Стоп;/temp/Gaurda200(55).JPG;;/temp/Gaurda200(55).JPG;;3682;3682;Гарда 200 Рип-Стоп т.олив(Э55);Рабочие;3682;464636;guarda;60;150;linenripstop;200;Китай;30.11.2015;да;да;2;7;да;да
;Гарда 200 Рип-Стоп;/temp/Gaurda200(145).JPG;;/temp/Gaurda200(145).JPG;;2866;2866;Гарда 200 Рип-Стоп т.син(Э145);Рабочие;2866;1d0072;guarda;60;150;linenripstop;200;Китай;30.11.2015;да;да;2;7;да;да
;Гарда 200 Рип-Стоп;/temp/Gaurda200(635).JPG;;/temp/Gaurda200(635).JPG;;2865;2865;Гарда 200 Рип-Стоп черн(Э635);Рабочие;2865;000000;guarda;60;150;linenripstop;200;Китай;30.11.2015;да;да;2;7;да;да
;Гарда 235;/temp/Gaurda235(80_20)bej.JPG;;/temp/Gaurda235(80_20)bej.JPG;;6307;6307;Гарда 235 80/20 беж.;Рабочие;6307;e4c4a1;guarda;60;150;serge;235;Китай;30.11.2015;да;да;2;7;да;да
;Гарда 235;/temp/Gaurda235(80_20)bordo.JPG;;/temp/Gaurda235(80_20)bordo.JPG;;6306;6306;Гарда 235 80/20 бордо 12;Рабочие;6306;721439;guarda;60;150;serge;235;Китай;30.11.2015;да;да;2;7;да;да
;Гарда 235;/temp/Gaurda235(80_20)vas603.JPG;;/temp/Gaurda235(80_20)vas603.JPG;;6634;6634;Гарда 235 80/20 вас(603);Рабочие;6634;0030b4;guarda;60;150;serge;235;Китай;30.11.2015;да;да;2;7;да;да
;Гарда 235;/temp/Gaurda235(80_20)vas611.JPG;;/temp/Gaurda235(80_20)vas611.JPG;;7458;7458;Гарда 235 80/20 вас(Э 611);Рабочие;7458;0030b4;guarda;60;150;serge;235;Китай;30.11.2015;да;да;2;7;да;да
;Гарда 235;/temp/Gaurda235(80_20)vas3.JPG;;/temp/Gaurda235(80_20)vas3.JPG;;4529;4529;Гарда 235 80/20 вас. 3;Рабочие;4529;0030b4;guarda;60;150;serge;235;Китай;30.11.2015;да;да;2;7;да;да
;Гарда 235;/temp/Gaurda235(80_20)jelt106.JPG;;/temp/Gaurda235(80_20)jelt106.JPG;;2859;2859;Гарда 235 80/20 желт(Э 106);Рабочие;2859;ffd400;guarda;60;150;serge;235;Китай;30.11.2015;да;да;2;7;да;да
;Гарда 235;/temp/Gaurda235(80_20)zel134.JPG;;/temp/Gaurda235(80_20)zel134.JPG;;7460;7460;Гарда 235 80/20 зел(Э 134);Рабочие;7460;206344;guarda;60;150;serge;235;Китай;30.11.2015;да;да;2;7;да;да
;Гарда 235;/temp/Gaurda235(80_20)zel638.JPG;;/temp/Gaurda235(80_20)zel638.JPG;;6636;6636;Гарда 235 80/20 зел(Э638);Рабочие;6636;206344;guarda;60;150;serge;235;Китай;30.11.2015;да;да;2;7;да;да
;Гарда 235;/temp/Gaurda235(80_20)zel4.JPG;;/temp/Gaurda235(80_20)zel4.JPG;;4530;4530;Гарда 235 80/20 зелен. 4;Рабочие;4530;206344;guarda;60;150;serge;235;Китай;30.11.2015;да;да;2;7;да;да
;Гарда 235;/temp/Gaurda235(80_20)kor19.JPG;;/temp/Gaurda235(80_20)kor19.JPG;;6308;6308;Гарда 235 80/20 корич. 19;Рабочие;6308;492c21;guarda;60;150;serge;235;Китай;30.11.2015;да;да;2;7;да;да
;Гарда 235;/temp/Gaurda235(80_20)krasn6.JPG;;/temp/Gaurda235(80_20)krasn6.JPG;;5936;5936;Гарда 235 80/20 красн. 6;Рабочие;5936;da0000;guarda;60;150;serge;235;Китай;30.11.2015;да;да;2;7;да;да
;Гарда 235;/temp/Gaurda235(80_20)krasn223.JPG;;/temp/Gaurda235(80_20)krasn223.JPG;;7405;7405;Гарда 235 80/20 красн.(Э 223);Рабочие;7405;da0000;guarda;60;150;serge;235;Китай;30.11.2015;да;да;2;7;да;да
;Гарда 235;/temp/Gaurda235(80_20)oranj407.JPG;;/temp/Gaurda235(80_20)oranj407.JPG;;7461;7461;Гарда 235 80/20 оранж(Э 407);Рабочие;7461;ea7000;guarda;60;150;serge;235;Китай;30.11.2015;да;да;2;7;да;да
;Гарда 235;/temp/Gaurda235(80_20)svser618.JPG;;/temp/Gaurda235(80_20)svser618.JPG;;2861;2861;Гарда 235 80/20 св.сер. (Э618);Рабочие;2861;d3d3d3;guarda;60;150;serge;235;Китай;30.11.2015;да;да;2;7;да;да
;Гарда 235;/temp/Gaurda235(80_20)svser10.JPG;;/temp/Gaurda235(80_20)svser10.JPG;;6305;6305;Гарда 235 80/20 св.сер. 10;Рабочие;6305;d3d3d3;guarda;60;150;serge;235;Китай;30.11.2015;да;да;2;7;да;да
;Гарда 235;/temp/Gaurda235(80_20)ser18.JPG;;/temp/Gaurda235(80_20)ser18.JPG;;4628;4628;Гарда 235 80/20 сер(Э 18);Рабочие;4628;8d8d8d;guarda;60;150;serge;235;Китай;30.11.2015;да;да;2;7;да;да
;Гарда 235;/temp/Gaurda235(80_20)ser601.JPG;;/temp/Gaurda235(80_20)ser601.JPG;;6637;6637;Гарда 235 80/20 сер(Э 601);Рабочие;6637;8d8d8d;guarda;60;150;serge;235;Китай;30.11.2015;да;да;2;7;да;да
;Гарда 235;/temp/Gaurda235(80_20)sergol82.JPG;;/temp/Gaurda235(80_20)sergol82.JPG;;7457;7457;Гарда 235 80/20 сер-гол.(Э 82);Рабочие;7457;788aa7;guarda;60;150;serge;235;Китай;30.11.2015;да;да;2;7;да;да
;Гарда 235;/temp/Gaurda235(80_20)tzel251.JPG;;/temp/Gaurda235(80_20)tzel251.JPG;;3697;3697;Гарда 235 80/20 т.зел(Э251);Рабочие;3697;0f4531;guarda;60;150;serge;235;Китай;30.11.2015;да;да;2;7;да;да
;Гарда 235;/temp/Gaurda235(80_20)tser8.JPG;;/temp/Gaurda235(80_20)tser8.JPG;;7407;7407;Гарда 235 80/20 т.сер. (Э 8);Рабочие;7407;5c5c5c;guarda;60;150;serge;235;Китай;30.11.2015;да;да;2;7;да;да
;Гарда 235;/temp/Gaurda235(80_20)tser8.JPG;;/temp/Gaurda235(80_20)tser8.JPG;;4531;4531;Гарда 235 80/20 т.сер. 8;Рабочие;4531;5c5c5c;guarda;60;150;serge;235;Китай;30.11.2015;да;да;2;7;да;да
;Гарда 235;/temp/Gaurda235(80_20)tsin2.JPG;;/temp/Gaurda235(80_20)tsin2.JPG;;4528;4528;Гарда 235 80/20 т.син(02);Рабочие;4528;1d0072;guarda;60;150;serge;235;Китай;30.11.2015;да;да;2;7;да;да
;Гарда 235;/temp/Gaurda235(80_20)tsin145.JPG;;/temp/Gaurda235(80_20)tsin145.JPG;;7406;7406;Гарда 235 80/20 т.син(Э 145);Рабочие;7406;1d0072;guarda;60;150;serge;235;Китай;30.11.2015;да;да;2;7;да;да
;Гарда 235;/temp/Gaurda235(80_20)tsin615.JPG;;/temp/Gaurda235(80_20)tsin615.JPG;;6635;6635;Гарда 235 80/20 т.син(Э615);Рабочие;6635;1d0072;guarda;60;150;serge;235;Китай;30.11.2015;да;да;2;7;да;да
;Гарда 235;/temp/Gaurda235(80_20)4ern1.JPG;;/temp/Gaurda235(80_20)4ern1.JPG;;4527;4527;Гарда 235 80/20 черн 1;Рабочие;4527;000000;guarda;60;150;serge;235;Китай;30.11.2015;да;да;2;7;да;да
;Гарда 235;/temp/Gaurda235(80_20)4ern635.JPG;;/temp/Gaurda235(80_20)4ern635.JPG;;6638;6638;Гарда 235 80/20 черн(Э 635);Рабочие;6638;000000;guarda;60;150;serge;235;Китай;30.11.2015;да;да;2;7;да;да
;Гарда 235 Премиум ;/temp/Gaurda235premium_vas3.JPG;;/temp/Gaurda235premium_vas3.JPG;;3283;3283;Гарда 235 Премиум вас.(3);Рабочие;3283;0030b4;guarda;60;150;serge;235;Китай;30.11.2015;да;да;2;7;да;да
;Гарда 235 Премиум;/temp/Gaurda235premium_vas611.JPG;;/temp/Gaurda235premium_vas611.JPG;;7402;7402;Гарда 235 Премиум вас.(Э 611);Рабочие;7402;0030b4;guarda;60;150;serge;235;Китай;30.11.2015;да;да;2;7;да;да
;Гарда 235 Премиум ;/temp/Gaurda235premium_zel4.JPG;;/temp/Gaurda235premium_zel4.JPG;;3285;3285;Гарда 235 Премиум зел(4);Рабочие;3285;206344;guarda;60;150;serge;235;Китай;30.11.2015;да;да;2;7;да;да
;Гарда 235 Премиум;/temp/Gaurda235premium_zel134.JPG;;/temp/Gaurda235premium_zel134.JPG;;6641;6641;Гарда 235 Премиум зел(Э 134);Рабочие;6641;206344;guarda;60;150;serge;235;Китай;30.11.2015;да;да;2;7;да;да
;Гарда 235 Премиум ;/temp/Gaurda235premium_oranj11.JPG;;/temp/Gaurda235premium_oranj11.JPG;;3286;3286;Гарда 235 Премиум оранж.(11);Рабочие;3286;ea7000;guarda;60;150;serge;235;Китай;30.11.2015;да;да;2;7;да;да
;Гарда 235 Премиум;/temp/Gaurda235premium_oranj407.JPG;;/temp/Gaurda235premium_oranj407.JPG;;7401;7401;Гарда 235 Премиум оранж.(Э 407);Рабочие;7401;ea7000;guarda;60;150;serge;235;Китай;30.11.2015;да;да;2;7;да;да
;Гарда 235 Премиум ;/temp/Gaurda235premiumris_ris2.JPG;;/temp/Gaurda235premiumris_ris2.JPG;;3299;3299;Гарда 235 Премиум рис.2;Рабочие;3299;camouflage;guarda;60;150;serge;235;Китай;30.11.2015;да;да;2;7;да;да
;Гарда 235 Премиум;/temp/Gaurda235premium_tser8.JPG;;/temp/Gaurda235premium_tser8.JPG;;3289;3289;Гарда 235 Премиум т.сер.(8);Рабочие;3289;5c5c5c;guarda;60;150;serge;235;Китай;30.11.2015;да;да;2;7;да;да
;Гарда 235 Премиум ;/temp/Gaurda235premium_tserE8.JPG;;/temp/Gaurda235premium_tserE8.JPG;;7463;7463;Гарда 235 Премиум т.сер.(Э 8);Рабочие;7463;5c5c5c;guarda;60;150;serge;235;Китай;30.11.2015;да;да;2;7;да;да
;Гарда 235 Премиум;/temp/Gaurda235premium_tsin145.JPG;;/temp/Gaurda235premium_tsin145.JPG;;6639;6639;Гарда 235 Премиум т.син(Э 145);Рабочие;6639;1d0072;guarda;60;150;serge;235;Китай;30.11.2015;да;да;2;7;да;да
;Гарда 235 Премиум ;/temp/Gaurda235premium_tsin2.JPG;;/temp/Gaurda235premium_tsin2.JPG;;3287;3287;Гарда 235 Премиум т.син.(02);Рабочие;3287;1d0072;guarda;60;150;serge;235;Китай;30.11.2015;да;да;2;7;да;да
;Гарда 235 Премиум;/temp/Gaurda235premium_4ern635.JPG;;/temp/Gaurda235premium_4ern635.JPG;;7456;7456;Гарда 235 Премиум черн(Э 635);Рабочие;7456;000000;guarda;60;150;serge;235;Китай;30.11.2015;да;да;2;7;да;да
;Гарда 235 Премиум ;/temp/Gaurda235premium_4ern154.JPG;;/temp/Gaurda235premium_4ern154.JPG;;6640;6640;Гарда 235 Премиум черн(Э154);Рабочие;6640;000000;guarda;60;150;serge;235;Китай;30.11.2015;да;да;2;7;да;да
;Дефенса 190 ;/temp/Defensa190_vas3.JPG;;/temp/Defensa190_vas3.JPG;;4724;4724;Дефенса 190 ВО 80/20 вас. 3;Рабочие;4724;0030b4;defensa;;150;serge;190;Китай;30.11.2015;да;да;2;7;да;да
;Дефенса 190 ;/temp/Defensa190_jilt7.JPG;;/temp/Defensa190_jilt7.JPG;;5759;5759;Дефенса 190 ВО 80/20 желт 7;Рабочие;5759;ffd400;defensa;;150;serge;190;Китай;30.11.2015;да;да;2;7;да;да
;Дефенса 190;/temp/Defensa190_zel4.JPG;;/temp/Defensa190_zel4.JPG;;4726;4726;Дефенса 190 ВО 80/20 зел. 4;Рабочие;4726;206344;defensa;;150;serge;190;Китай;30.11.2015;да;да;2;7;да;да
;Дефенса 190;/temp/Defensa190_more29.JPG;;/temp/Defensa190_more29.JPG;;4859;4859;Дефенса 190 ВО 80/20 кам. 29 море;Рабочие;4859;camouflage;defensa;;150;serge;190;Китай;30.11.2015;да;да;2;7;да;да
;Дефенса 190;/temp/Defensa190_prikord3.JPG;;/temp/Defensa190_prikord3.JPG;;2907;2907;Дефенса 190 ВО 80/20 кам. 3 погран;Рабочие;2907;camouflage;defensa;;150;serge;190;Китай;30.11.2015;да;да;2;7;да;да
;Дефенса 190;/temp/Defensa190_gorod302.JPG;;/temp/Defensa190_gorod302.JPG;;7145;7145;Дефенса 190 ВО 80/20 кам. 302 город;Рабочие;7145;camouflage;defensa;;150;serge;190;Китай;30.11.2015;да;да;2;7;да;да
;Дефенса 190;/temp/Defensa190_MO9.JPG;;/temp/Defensa190_MO9.JPG;;4122;4122;Дефенса 190 ВО 80/20 кам. 9 мин.обороны;Рабочие;4122;camouflage;defensa;;150;serge;190;Китай;30.11.2015;да;да;2;7;да;да
;Дефенса 190;/temp/Defensa190_ris2.JPG;;/temp/Defensa190_ris2.JPG;;5461;5461;Дефенса 190 ВО 80/20 кам. рис.2;Рабочие;5461;camouflage;defensa;;150;serge;190;Китай;30.11.2015;да;да;2;7;да;да
;Дефенса 190;/temp/Defensa190_kras6.JPG;;/temp/Defensa190_kras6.JPG;;6122;6122;Дефенса 190 ВО 80/20 красн.6;Рабочие;6122;da0000;defensa;;150;serge;190;Китай;30.11.2015;да;да;2;7;да;да
;Дефенса 190;;;;;4728;4728;Дефенса 190 ВО 80/20 люм.оран.9;Рабочие;4728;ff6500;defensa;;150;serge;190;Китай;30.11.2015;да;да;2;7;да;да
;Дефенса 190;;;;;6124;6124;Дефенса 190 ВО 80/20 люм.салат. 7;Рабочие;6124;84fb1;defensa;;150;serge;190;Китай;30.11.2015;да;да;2;7;да;да
;Дефенса 190;/temp/Defensa190_oranj11.JPG;;/temp/Defensa190_oranj11.JPG;;5760;5760;Дефенса 190 ВО 80/20 Оран. 11;Рабочие;5760;ea7000;defensa;;150;serge;190;Китай;30.11.2015;да;да;2;7;да;да
;Дефенса 190;/temp/Defensa190_svser10.JPG;;/temp/Defensa190_svser10.JPG;;6390;6390;Дефенса 190 ВО 80/20 св.сер. 10;Рабочие;6390;d3d3d3;defensa;;150;serge;190;Китай;30.11.2015;да;да;2;7;да;да
;Дефенса 190;/temp/Defensa190_toliva19.JPG;;/temp/Defensa190_toliva19.JPG;;4121;4121;Дефенса 190 ВО 80/20 т.олив.19;Рабочие;4121;464636;defensa;;150;serge;190;Китай;30.11.2015;да;да;2;7;да;да
;Дефенса 190;/temp/Defensa190_tser8.JPG;;/temp/Defensa190_tser8.JPG;;6123;6123;Дефенса 190 ВО 80/20 т.сер 8;Рабочие;6123;5c5c5c;defensa;;150;serge;190;Китай;30.11.2015;да;да;2;7;да;да
;Дефенса 190;/temp/Defensa190_tsin2.JPG;;/temp/Defensa190_tsin2.JPG;;4617;4617;Дефенса 190 ВО 80/20 т.син.(02);Рабочие;4617;1d0072;defensa;;150;serge;190;Китай;30.11.2015;да;да;2;7;да;да
;Дефенса 190;/temp/Defensa190_4ern1.JPG;;/temp/Defensa190_4ern1.JPG;;4616;4616;Дефенса 190 ВО 80/20 черн. 1;Рабочие;4616;000000;defensa;;150;serge;190;Китай;30.11.2015;да;да;2;7;да;да
;Дефенса 210;/temp/Defensa210_vas3.JPG;;/temp/Defensa210_vas3.JPG;;4156;4156;Дефенса 210 ВО 70/30 вас.3;Рабочие;4156;0030b4;defensa;;150;serge;210;Китай;30.11.2015;да;да;2;7;да;да
;Дефенса 210 ;/temp/Defensa210_jilt.JPG;;/temp/Defensa210_jilt.JPG;;5401;5401;Дефенса 210 ВО 70/30 желт.;Рабочие;5401;ffd400;defensa;;150;serge;210;Китай;30.11.2015;да;да;2;7;да;да
;Дефенса 210;/temp/Defensa210_zel4.JPG;;/temp/Defensa210_zel4.JPG;;4157;4157;Дефенса 210 ВО 70/30 зел.4;Рабочие;4157;206344;defensa;;150;serge;210;Китай;30.11.2015;да;да;2;7;да;да
;Дефенса 210;/temp/Defensa210_ris2.JPG;;/temp/Defensa210_ris2.JPG;;4723;4723;Дефенса 210 ВО 70/30 камуфл.рис.2;Рабочие;4723;camouflage;defensa;;150;serge;210;Китай;30.11.2015;да;да;2;7;да;да
;Дефенса 210;/temp/Defensa210_kras6.JPG;;/temp/Defensa210_kras6.JPG;;4614;4614;Дефенса 210 ВО 70/30 красн.6;Рабочие;4614;da0000;defensa;;150;serge;210;Китай;30.11.2015;да;да;2;7;да;да
;Дефенса 210;/temp/Defensa210_oranj.JPG;;/temp/Defensa210_oranj.JPG;;4613;4613;Дефенса 210 ВО 70/30 люм.оран.;Рабочие;4613;ff6500;defensa;;150;serge;210;Китай;30.11.2015;да;да;2;7;да;да
;Дефенса 210;/temp/Defensa210_svser10.JPG;;/temp/Defensa210_svser10.JPG;;5761;5761;Дефенса 210 ВО 70/30 св.сер 10;Рабочие;5761;d3d3d3;defensa;;150;serge;210;Китай;30.11.2015;да;да;2;7;да;да
;Дефенса 210;/temp/Defensa210_tser8.JPG;;/temp/Defensa210_tser8.JPG;;4474;4474;Дефенса 210 ВО 70/30 т.сер.8;Рабочие;4474;5c5c5c;defensa;;150;serge;210;Китай;30.11.2015;да;да;2;7;да;да
;Дефенса 210;/temp/Defensa210_tsin2.JPG;;/temp/Defensa210_tsin2.JPG;;4615;4615;Дефенса 210 ВО 70/30 т.син.02;Рабочие;4615;1d0072;defensa;;150;serge;210;Китай;30.11.2015;да;да;2;7;да;да
;Дефенса 210;/temp/Defensa210_4ern1.JPG;;/temp/Defensa210_4ern1.JPG;;4170;4170;Дефенса 210 ВО 70/30 черн. 1;Рабочие;4170;000000;defensa;;150;serge;210;Китай;30.11.2015;да;да;2;7;да;да
;Дефенса 260;/temp/Defensa260_oranj11.JPG;;/temp/Defensa260_oranj11.JPG;;4292;4292;Дефенса 260 ВО 80/20  оранж. 11;Рабочие;4292;ea7000;defensa;;150;serge;260;Китай;30.11.2015;да;да;2;7;да;да
;Дефенса 260;/temp/Defensa260_svser10.JPG;;/temp/Defensa260_svser10.JPG;;6392;6392;Дефенса 260 ВО 80/20  св. сер. 10;Рабочие;6392;d3d3d3;defensa;;150;serge;260;Китай;30.11.2015;да;да;2;7;да;да
;Дефенса 260;/temp/Defensa260_tser8.JPG;;/temp/Defensa260_tser8.JPG;;4856;4856;Дефенса 260 ВО 80/20  т. сер. 8;Рабочие;4856;5c5c5c;defensa;;150;serge;260;Китай;30.11.2015;да;да;2;7;да;да
;Дефенса 260;/temp/Defensa260_vas3.JPG;;/temp/Defensa260_vas3.JPG;;4414;4414;Дефенса 260 ВО 80/20 вас. 3;Рабочие;4414;0030b4;defensa;;150;serge;260;Китай;30.11.2015;да;да;2;7;да;да
;Дефенса 260;/temp/Defensa260_jilt7.JPG;;/temp/Defensa260_jilt7.JPG;;6391;6391;Дефенса 260 ВО 80/20 желт. 7;Рабочие;6391;ffd400;defensa;;150;serge;260;Китай;30.11.2015;да;да;2;7;да;да
;Дефенса 260;/temp/Defensa260-zel4.JPG;;/temp/Defensa260-zel4.JPG;;4416;4416;Дефенса 260 ВО 80/20 зел. 4;Рабочие;4416;206344;defensa;;150;serge;260;Китай;30.11.2015;да;да;2;7;да;да
;Дефенса 260;/temp/Defensa260_krasn6.JPG;;/temp/Defensa260_krasn6.JPG;;4855;4855;Дефенса 260 ВО 80/20 красн. 6;Рабочие;4855;da0000;defensa;;150;serge;260;Китай;30.11.2015;да;да;2;7;да;да
;Дефенса 260;/temp/Defensa260_tsin2.JPG;;/temp/Defensa260_tsin2.JPG;;4415;4415;Дефенса 260 ВО 80/20 т. син.(02);Рабочие;4415;1d0072;defensa;;150;serge;260;Китай;30.11.2015;да;да;2;7;да;да
;Дефенса 260;/temp/Defensa260_4ern1.JPG;;/temp/Defensa260_4ern1.JPG;;4767;4767;Дефенса 260 ВО 80/20 черн. 1;Рабочие;4767;000000;defensa;;150;serge;260;Китай;30.11.2015;да;да;2;7;да;да
;Дефенса 260 Премиум ;/temp/Defensa260(65_35)_vas3.JPG;;/temp/Defensa260(65_35)_vas3.JPG;;8136;8136;Дефенса 260 Премиум ВО вас. 3;Рабочие;8136;0030b4;defensa;;150;serge;260;Китай;30.11.2015;да;да;2;7;да;да
;Дефенса 260 Премиум ;/temp/Defensa260(65_35)_jilt.JPG;;/temp/Defensa260(65_35)_jilt.JPG;;8400;8400;Дефенса 260 Премиум ВО желтая;Рабочие;8400;ffd400;defensa;;150;serge;260;Китай;30.11.2015;да;да;2;7;да;да
;Дефенса 260 Премиум ;/temp/Defensa260(65_35)-zel4.JPG;;/temp/Defensa260(65_35)-zel4.JPG;;8137;8137;Дефенса 260 Премиум ВО зел. 4;Рабочие;8137;206344;defensa;;150;serge;260;Китай;30.11.2015;да;да;2;7;да;да
;Дефенса 260 Премиум ;/temp/Defensa260(65_35)_krasn6.JPG;;/temp/Defensa260(65_35)_krasn6.JPG;;8138;8138;Дефенса 260 Премиум ВО красн. 6;Рабочие;8138;da0000;defensa;;150;serge;260;Китай;30.11.2015;да;да;2;7;да;да
;Дефенса 260 Премиум ;/temp/Defensa260(65_35)_oranj.JPG;;/temp/Defensa260(65_35)_oranj.JPG;;8139;8139;Дефенса 260 Премиум ВО оранж.;Рабочие;8139;ea7000;defensa;;150;serge;260;Китай;30.11.2015;да;да;2;7;да;да
;Дефенса 260 Премиум ;/temp/Defensa260(65_35)_svser11.JPG;;/temp/Defensa260(65_35)_svser11.JPG;;8140;8140;Дефенса 260 Премиум ВО св. сер.(11);Рабочие;8140;d3d3d3;defensa;;150;serge;260;Китай;30.11.2015;да;да;2;7;да;да
;Дефенса 260 Премиум ;/temp/Defensa260(65_35)_tser8.JPG;;/temp/Defensa260(65_35)_tser8.JPG;;8519;8519;Дефенса 260 Премиум ВО т.сер.(8);Рабочие;8519;5c5c5c;defensa;;150;serge;260;Китай;30.11.2015;да;да;2;7;да;да
;Дефенса 260 Премиум ;/temp/Defensa260(65_35)_tsin2.JPG;;/temp/Defensa260(65_35)_tsin2.JPG;;8141;8141;Дефенса 260 Премиум ВО т.син.(02);Рабочие;8141;1d0072;defensa;;150;serge;260;Китай;30.11.2015;да;да;2;7;да;да
;Дефенса 260 Премиум ;/temp/Defensa260(65_35)_4ern1.JPG;;/temp/Defensa260(65_35)_4ern1.JPG;;8142;8142;Дефенса 260 Премиум ВО черн. 1;Рабочие;8142;000000;defensa;;150;serge;260;Китай;30.11.2015;да;да;2;7;да;да
;Джинс 260 H;/temp/Djins260H.JPG;;/temp/Djins260H.JPG;;4059;4059;Джинс H Э2 260 г/м2 (60п/40х) 150см;Рабочие;4059;002a6d;;;150;linen;260;Китай;30.11.2015;да;да;2;7;да;да
;Джинс 260 S ;/temp/Djins260S.JPG;;/temp/Djins260S.JPG;;4056;4056;Джинс S Э1 260 г/м2 (60п/40х) 150см;Рабочие;4056;002a6d;;;150;linen;260;Китай;30.11.2015;да;да;2;7;да;да
;Джинс 320 ;/temp/Djins320.JPG;;/temp/Djins320.JPG;;4062;4062;Джинс Э3  320 г/м2 (70х/30п) 150см;Рабочие;4062;002a6d;;;150;linen;260;Китай;30.11.2015;да;да;2;7;да;да
;Джинс 360 ;/temp/Djins360.JPG;;/temp/Djins360.JPG;;4067;4067;Джинс Э4 360 г/м2 (70х/30п) 150см;Рабочие;4067;002a6d;;;150;linen;260;Китай;30.11.2015;да;да;2;7;да;да
;Дюспо Бондинг 190;;;;;2417;2417;Дюспо Бондинг 190 ВО т.олив 55;Рабочие;2417;464636;;;150;linen;190;Китай;30.11.2015;да;да;2;7;да;да
;Дюспо Милки;/temp/Duspo Milk _vas3.JPG;;/temp/Duspo Milk _vas3.JPG;;6721;6721;Дюспо Милки 85 ВО вас.3;Рабочие;6721;0030b4;;;150;linen;85;Китай;30.11.2015;да;да;2;7;да;да
;Дюспо Милки;/temp/Duspo Milk_zel4.JPG;;/temp/Duspo Milk_zel4.JPG;;6722;6722;Дюспо Милки 85 ВО зел.4;Рабочие;6722;206344;;;150;linen;85;Китай;30.11.2015;да;да;2;7;да;да
;Дюспо Милки;/temp/Duspo Milk_kras6.JPG;;/temp/Duspo Milk_kras6.JPG;;6724;6724;Дюспо Милки 85 ВО красн.6;Рабочие;6724;da0000;;;150;linen;85;Китай;30.11.2015;да;да;2;7;да;да
;Дюспо Милки;/temp/Duspo Milk_svser10.JPG;;/temp/Duspo Milk_svser10.JPG;;6727;6727;Дюспо Милки 85 ВО св.сер.10;Рабочие;6727;d3d3d3;;;150;linen;85;Китай;30.11.2015;да;да;2;7;да;да
;Дюспо Милки;/temp/Duspo Milk_tser8.JPG;;/temp/Duspo Milk_tser8.JPG;;6725;6725;Дюспо Милки 85 ВО т.сер.8;Рабочие;6725;5c5c5c;;;150;linen;85;Китай;30.11.2015;да;да;2;7;да;да
;Дюспо Милки;/temp/Duspo Milk-tsin2.JPG;;/temp/Duspo Milk-tsin2.JPG;;6720;6720;Дюспо Милки 85 ВО т.син.2;Рабочие;6720;1d0072;;;150;linen;85;Китай;30.11.2015;да;да;2;7;да;да
;Дюспо Милки;/temp/Duspo Milk_4ern1.JPG;;/temp/Duspo Milk_4ern1.JPG;;6719;6719;Дюспо Милки 85 ВО черн.1;Рабочие;6719;000000;;;150;linen;85;Китай;30.11.2015;да;да;2;7;да;да
;Дюспо Пич-скин;/temp/Duspo Pich Skin_vas3.JPG;;/temp/Duspo Pich Skin_vas3.JPG;;6738;6738;Дюспо Пич-скин 110 ВО вас.3;Рабочие;6738;0030b4;;;150;linen;110;Китай;30.11.2015;да;да;2;7;да;да
;Дюспо Пич-скин;/temp/Duspo Pich Skin_zel4.JPG;;/temp/Duspo Pich Skin_zel4.JPG;;6739;6739;Дюспо Пич-скин 110 ВО зел.4;Рабочие;6739;206344;;;150;linen;110;Китай;30.11.2015;да;да;2;7;да;да
;Дюспо Пич-скин;/temp/Duspo Pich Skin_kras6.JPG;;/temp/Duspo Pich Skin_kras6.JPG;;6743;6743;Дюспо Пич-скин 110 ВО красн.6;Рабочие;6743;da0000;;;150;linen;110;Китай;30.11.2015;да;да;2;7;да;да
;Дюспо Пич-скин;/temp/Duspo Pich Skin_svser10.JPG;;/temp/Duspo Pich Skin_svser10.JPG;;6745;6745;Дюспо Пич-скин 110 ВО св.сер.10;Рабочие;6745;d3d3d3;;;150;linen;110;Китай;30.11.2015;да;да;2;7;да;да
;Дюспо Пич-скин;/temp/Duspo Pich Skin_tser8.JPG;;/temp/Duspo Pich Skin_tser8.JPG;;6744;6744;Дюспо Пич-скин 110 ВО т.сер.8;Рабочие;6744;5c5c5c;;;150;linen;110;Китай;30.11.2015;да;да;2;7;да;да
;Дюспо Пич-скин;/temp/Duspo Pich Skin-tsin2.JPG;;/temp/Duspo Pich Skin-tsin2.JPG;;6731;6731;Дюспо Пич-скин 110 ВО т.син.2;Рабочие;6731;1d0072;;;150;linen;110;Китай;30.11.2015;да;да;2;7;да;да
;Дюспо Пич-скин;/temp/Duspo Pich Skin_4ern1.JPG;;/temp/Duspo Pich Skin_4ern1.JPG;;6729;6729;Дюспо Пич-скин 110 ВО черн.1;Рабочие;6729;000000;;;150;linen;110;Китай;30.11.2015;да;да;2;7;да;да
;Профит 240 ;/temp/Profit240bel.JPG;;/temp/Profit240bel.JPG;;4222;4222;Профит 240 бел.(0);Рабочие;4222;ffffff;profit;;150;serge;240;Китай;30.11.2015;да;да;2;7;да;да
;Профит 240 ;/temp/Profit240bel.JPG;;/temp/Profit240bel.JPG;;2875;2875;Профит 240 бел.(158);Рабочие;2875;ffffff;profit;;150;serge;240;Китай;30.11.2015;да;да;2;7;да;да
;Профит 240;/temp/Profit240vas.JPG;;/temp/Profit240vas.JPG;;4221;4221;Профит 240 вас.(3);Рабочие;4221;0030b4;profit;;150;serge;240;Китай;30.11.2015;да;да;2;7;да;да
;Профит 240;/temp/Profit240vas.JPG;;/temp/Profit240vas.JPG;;2872;2872;Профит 240 вас.(611);Рабочие;2872;0030b4;profit;;150;serge;240;Китай;30.11.2015;да;да;2;7;да;да
;Профит 240;/temp/Profit240zel.JPG;;/temp/Profit240zel.JPG;;4220;4220;Профит 240 зелен.(4);Рабочие;4220;206344;profit;;150;serge;240;Китай;30.11.2015;да;да;2;7;да;да
;Профит 240;/temp/Profit240kras.JPG;;/temp/Profit240kras.JPG;;2873;2873;Профит 240 красн. (223);Рабочие;2873;da0000;profit;;150;serge;240;Китай;30.11.2015;да;да;2;7;да;да
;Профит 240;/temp/Profit240kras.JPG;;/temp/Profit240kras.JPG;;6172;6172;Профит 240 красн. (6);Рабочие;6172;da0000;profit;;150;serge;240;Китай;30.11.2015;да;да;2;7;да;да
;Профит 240;/temp/Profit240oranj.JPG;;/temp/Profit240oranj.JPG;;4223;4223;Профит 240 оранж.(11);Рабочие;4223;ea7000;profit;;150;serge;240;Китай;30.11.2015;да;да;2;7;да;да
;Профит 240;/temp/Profit240svser.JPG;;/temp/Profit240svser.JPG;;6856;6856;Профит 240 св. сер. (10);Рабочие;6856;d3d3d3;profit;;150;serge;240;Китай;30.11.2015;да;да;2;7;да;да
;Профит 240;/temp/Profit240svser.JPG;;/temp/Profit240svser.JPG;;2380;2380;Профит 240 св. сер. (618);Рабочие;2380;d3d3d3;profit;;150;serge;240;Китай;30.11.2015;да;да;2;7;да;да
;Профит 240;/temp/Profit240tser.JPG;;/temp/Profit240tser.JPG;;6855;6855;Профит 240 т. сер. (8);Рабочие;6855;5c5c5c;profit;;150;serge;240;Китай;30.11.2015;да;да;2;7;да;да
;Профит 240;/temp/Profit240tsin.JPG;;/temp/Profit240tsin.JPG;;4224;4224;Профит 240 т.син.(02);Рабочие;4224;1d0072;profit;;150;serge;240;Китай;30.11.2015;да;да;2;7;да;да
;Профит 240;/temp/Profit240tsin.JPG;;/temp/Profit240tsin.JPG;;2383;2383;Профит 240 т.син.(145);Рабочие;2383;1d0072;profit;;150;serge;240;Китай;30.11.2015;да;да;2;7;да;да
;Профит 240;/temp/Profit2404ern.JPG;;/temp/Profit2404ern.JPG;;6854;6854;Профит 240 черн.(1);Рабочие;6854;000000;profit;;150;serge;240;Китай;30.11.2015;да;да;2;7;да;да
;Профит 240;/temp/Profit2404ern.JPG;;/temp/Profit2404ern.JPG;;2874;2874;Профит 240 черн.(635);Рабочие;2874;000000;profit;;150;serge;240;Китай;30.11.2015;да;да;2;7;да;да
;Рейнар 110 ;;;;;6168;6168;Рейнар 110 ВО ш.150 бел 0;Рабочие;6168;ffffff;rainair;;150;linen;110;Китай;30.11.2015;да;да;2;7;да;да
;Рейнар 110 ;/temp/Reinar110_vas3.JPG;;/temp/Reinar110_vas3.JPG;;4835;4835;Рейнар 110 ВО ш.150 вас. 3;Рабочие;4835;0030b4;rainair;;150;linen;110;Китай;30.11.2015;да;да;2;7;да;да
;Рейнар 110;/temp/Reinar110_zel4.JPG;;/temp/Reinar110_zel4.JPG;;4836;4836;Рейнар 110 ВО ш.150 зел. 4;Рабочие;4836;206344;rainair;;150;linen;110;Китай;30.11.2015;да;да;2;7;да;да
;Рейнар 110;/temp/Reinar110_prikord3.JPG;;/temp/Reinar110_prikord3.JPG;;2910;2910;Рейнар 110 ВО ш.150 кам.3 погран.;Рабочие;2910;camouflage;rainair;;150;linen;110;Китай;30.11.2015;да;да;2;7;да;да
;Рейнар 110;;;;;6170;6170;Рейнар 110 ВО ш.150 кам.нато;Рабочие;6170;camouflage;rainair;;150;linen;110;Китай;30.11.2015;да;да;2;7;да;да
;Рейнар 110;/temp/Reinar110_ris2.JPG;;/temp/Reinar110_ris2.JPG;;6169;6169;Рейнар 110 ВО ш.150 кам.рис.2;Рабочие;6169;camouflage;rainair;;150;linen;110;Китай;30.11.2015;да;да;2;7;да;да
;Рейнар 110;;;;;7265;7265;Рейнар 110 ВО ш.150 кам.рис.31;Рабочие;7265;camouflage;rainair;;150;linen;110;Китай;30.11.2015;да;да;2;7;да;да
;Рейнар 110;;;;;7267;7267;Рейнар 110 ВО ш.150 кам.рис.32;Рабочие;7267;camouflage;rainair;;150;linen;110;Китай;30.11.2015;да;да;2;7;да;да
;Рейнар 110;;;;;7268;7268;Рейнар 110 ВО ш.150 кам.рис.40;Рабочие;7268;camouflage;rainair;;150;linen;110;Китай;30.11.2015;да;да;2;7;да;да
;Рейнар 110;;;;;7264;7264;Рейнар 110 ВО ш.150 кам.рис.6;Рабочие;7264;camouflage;rainair;;150;linen;110;Китай;30.11.2015;да;да;2;7;да;да
;Рейнар 110;/temp/Reinar110_MO9.JPG;;/temp/Reinar110_MO9.JPG;;4123;4123;Рейнар 110 ВО ш.150 кам.рис.9 мин обороны;Рабочие;4123;camouflage;rainair;;150;linen;110;Китай;30.11.2015;да;да;2;7;да;да
;Рейнар 110;/temp/Reinar110_kras6.JPG;;/temp/Reinar110_kras6.JPG;;5985;5985;Рейнар 110 ВО ш.150 красн 6;Рабочие;5985;da0000;rainair;;150;linen;110;Китай;30.11.2015;да;да;2;7;да;да
;Рейнар 110;;;;;5933;5933;Рейнар 110 ВО ш.150 люм.оранж. 10;Рабочие;5933;ff6500;rainair;;150;linen;110;Китай;30.11.2015;да;да;2;7;да;да
;Рейнар 110;/temp/Reinar110_oranj9.JPG;;/temp/Reinar110_oranj9.JPG;;6384;6384;Рейнар 110 ВО ш.150 оранж. 9;Рабочие;6384;ea7000;rainair;;150;linen;110;Китай;30.11.2015;да;да;2;7;да;да
;Рейнар 110;;;;;4113;4113;Рейнар 110 ВО ш.150 т.олив 19-0511;Рабочие;4113;464636;rainair;;150;linen;110;Китай;30.11.2015;да;да;2;7;да;да
;Рейнар 110;/temp/Reinar110_tser8.JPG;;/temp/Reinar110_tser8.JPG;;5932;5932;Рейнар 110 ВО ш.150 т.сер(8);Рабочие;5932;5c5c5c;rainair;;150;linen;110;Китай;30.11.2015;да;да;2;7;да;да
;Рейнар 110;/temp/Reinar110_tsin2.JPG;;/temp/Reinar110_tsin2.JPG;;4834;4834;Рейнар 110 ВО ш.150 т.син.(02);Рабочие;4834;1d0072;rainair;;150;linen;110;Китай;30.11.2015;да;да;2;7;да;да
;Рейнар 110;/temp/Reinar110_4ern1.JPG;;/temp/Reinar110_4ern1.JPG;;4833;4833;Рейнар 110 ВО ш.150 черн 1;Рабочие;4833;000000;rainair;;150;linen;110;Китай;30.11.2015;да;да;2;7;да;да
;Рейнар 135 ;/temp/Reinar135_vas3.JPG;;/temp/Reinar135_vas3.JPG;;6385;6385;Рейнар 135 ВО ш.150 вас. 3;Рабочие;6385;0030b4;rainair;;150;linen;135;Китай;30.11.2015;да;да;2;7;да;да
;Рейнар 135;/temp/Reinar135_zel4.JPG;;/temp/Reinar135_zel4.JPG;;6386;6386;Рейнар 135 ВО ш.150 зел. 4;Рабочие;6386;206344;rainair;;150;linen;135;Китай;30.11.2015;да;да;2;7;да;да
;Рейнар 135;/temp/Reinar135_kras6.JPG;;/temp/Reinar135_kras6.JPG;;6387;6387;Рейнар 135 ВО ш.150 красн.6;Рабочие;6387;da0000;rainair;;150;linen;135;Китай;30.11.2015;да;да;2;7;да;да
;Рейнар 135;/temp/Reinar135_oranj9.JPG;;/temp/Reinar135_oranj9.JPG;;6389;6389;Рейнар 135 ВО ш.150 оранж. 9;Рабочие;6389;ea7000;rainair;;150;linen;135;Китай;30.11.2015;да;да;2;7;да;да
;Рейнар 135;/temp/Reinar135_bel0.JPG;;/temp/Reinar135_bel0.JPG;;5403;5403;Рейнар 135 ВО ш.150 отб. 0;Рабочие;5403;ffffff;rainair;;150;linen;135;Китай;30.11.2015;да;да;2;7;да;да
;Рейнар 135;/temp/Reinar135_sin2.JPG;;/temp/Reinar135_sin2.JPG;;5402;5402;Рейнар 135 ВО ш.150 син.(02);Рабочие;5402;1d0072;rainair;;150;linen;135;Китай;30.11.2015;да;да;2;7;да;да
;Рейнар 135;/temp/Reinar135_tser8.JPG;;/temp/Reinar135_tser8.JPG;;6388;6388;Рейнар 135 ВО ш.150 т.сер. 8;Рабочие;6388;5c5c5c;rainair;;150;linen;135;Китай;30.11.2015;да;да;2;7;да;да
;Рейнар 135;/temp/Reinar135_4ern1.JPG;;/temp/Reinar135_4ern1.JPG;;4837;4837;Рейнар 135 ВО ш.150 черн 1;Рабочие;4837;000000;rainair;;150;linen;135;Китай;30.11.2015;да;да;2;7;да;да
;Рейнар 215 ;/temp/Reinar215_svoliva18.JPG;;/temp/Reinar215_svoliva18.JPG;;4116;4116;Рейнар 215 ВО ш.150 св.олив. 18;Рабочие;4116;8d8d6d;rainair;;150;linen;215;Китай;30.11.2015;да;да;2;7;да;да
;Рейнар 215 ;/temp/Reinar215_toliva19.JPG;;/temp/Reinar215_toliva19.JPG;;4115;4115;Рейнар 215 ВО ш.150 т.олив. 19;Рабочие;4115;464636;rainair;;150;linen;215;Китай;30.11.2015;да;да;2;7;да;да
;Рейнар 215 ;/temp/Reinar215_4ern1.JPG;;/temp/Reinar215_4ern1.JPG;;5934;5934;Рейнар 215 ВО ш.150 черн (1);Рабочие;5934;000000;rainair;;150;linen;215;Китай;30.11.2015;да;да;2;7;да;да
;Рейнар 330 ;/temp/Reinar330_tolive19.JPG;;/temp/Reinar330_tolive19.JPG;;4117;4117;Рейнар 330 ВО ш.150 т.олив. 19;Рабочие;4117;464636;rainair;;150;linen;330;Китай;30.11.2015;да;да;2;7;да;да
;Рейнар 330;/temp/Reinar330_4ern1.JPG;;/temp/Reinar330_4ern1.JPG;;4114;4114;Рейнар 330 ВО ш.150 черн (1);Рабочие;4114;000000;rainair;;150;linen;330;Китай;30.11.2015;да;да;2;7;да;да
;Сорочечная 115 Премиум;/temp/Soro4ka65_35_bej40.JPG;;/temp/Soro4ka65_35_bej40.JPG;;6174;6174;Сороч. 115 Премиум беж (40);Рабочие;6174;e4c4a1;;70;150;linen;115;Китай;30.11.2015;да;да;2;7;да;да
;Сорочечная 115 Премиум;/temp/Soro4ka65_35_gol8.JPG;;/temp/Soro4ka65_35_gol8.JPG;;5962;5962;Сороч. 115 Премиум голуб.(8);Рабочие;5962;88cafd;;70;150;linen;115;Китай;30.11.2015;да;да;2;7;да;да
;Сорочечная 115 Премиум;/temp/Soro4ka65_35_kras16.JPG;;/temp/Soro4ka65_35_kras16.JPG;;5963;5963;Сороч. 115 Премиум красн.(16);Рабочие;5963;da0000;;70;150;linen;115;Китай;30.11.2015;да;да;2;7;да;да
;Сорочечная 115 Премиум;/temp/Soro4ka65_35_bel.JPG;;/temp/Soro4ka65_35_bel.JPG;;5957;5957;Сороч. 115 Премиум отб. (0);Рабочие;5957;ffffff;;70;150;linen;115;Китай;30.11.2015;да;да;2;7;да;да
;Сорочечная 115 Премиум;/temp/Soro4ka65_35_svser23.JPG;;/temp/Soro4ka65_35_svser23.JPG;;6175;6175;Сороч. 115 Премиум св.сер (23);Рабочие;6175;d3d3d3;;70;150;linen;115;Китай;30.11.2015;да;да;2;7;да;да
;Сорочечная 115 Премиум;/temp/Soro4ka65_35_svser2.JPG;;/temp/Soro4ka65_35_svser2.JPG;;3879;3879;Сороч. 115 Премиум св.сер (L2);Рабочие;3879;d3d3d3;;70;150;linen;115;Китай;30.11.2015;да;да;2;7;да;да
;Сорочечная 115 Премиум;/temp/Soro4ka65_35_tser35.JPG;;/temp/Soro4ka65_35_tser35.JPG;;6176;6176;Сороч. 115 Премиум т.сер (35);Рабочие;6176;5c5c5c;;70;150;linen;115;Китай;30.11.2015;да;да;2;7;да;да
;Сорочечная 115 Премиум;/temp/Soro4ka65_35_sin9.JPG;;/temp/Soro4ka65_35_sin9.JPG;;6747;6747;Сороч. 115 Премиум т.син.(9);Рабочие;6747;1d0072;;70;150;linen;115;Китай;30.11.2015;да;да;2;7;да;да
;Сорочечная 115 Премиум;/temp/Soro4ka65_35_4ern6.JPG;;/temp/Soro4ka65_35_4ern6.JPG;;5961;5961;Сороч. 115 Премиум черн.(6);Рабочие;5961;000000;;70;150;linen;115;Китай;30.11.2015;да;да;2;7;да;да
;Сорочечная 115 Премиум;/temp/Soro4ka65_35_elec5.JPG;;/temp/Soro4ka65_35_elec5.JPG;;5959;5959;Сороч. 115 Премиум элект.(5);Рабочие;5959;0030b4;;70;150;linen;115;Китай;30.11.2015;да;да;2;7;да;да
;Сорочечная 115 Премиум;/temp/Soro4ka65_35_elec922.JPG;;/temp/Soro4ka65_35_elec922.JPG;;2565;2565;Сороч. 115 Премиум элект.(922);Рабочие;2565;0030b4;;70;150;linen;115;Китай;30.11.2015;да;да;2;7;да;да
;Сорочечная 115;/temp/Soro4ka_bel.JPG;;/temp/Soro4ka_bel.JPG;;2903;2903;Сорочечная 115 80/20 бел.(0);Рабочие;2903;ffffff;;70;150;linen;115;Китай;30.11.2015;да;да;2;7;да;да
;Сорочечная 115;;;;;4630;4630;Сорочечная 115 80/20 бел.-гол.;Рабочие;4630;ffffff;;70;150;linen;115;Китай;30.11.2015;да;да;2;7;да;да
;Сорочечная 115;/temp/Soro4ka_gol.JPG;;/temp/Soro4ka_gol.JPG;;2904;2904;Сорочечная 115 80/20 гол.(903);Рабочие;2904;88cafd;;70;150;linen;115;Китай;30.11.2015;да;да;2;7;да;да
;Сорочечная 115;/temp/Soro4ka_kras16.JPG;;/temp/Soro4ka_kras16.JPG;;4629;4629;Сорочечная 115 80/20 красн.16;Рабочие;4629;da0000;;70;150;linen;115;Китай;30.11.2015;да;да;2;7;да;да
;Сорочечная 115;;;;;2396;2396;Сорочечная 115 80/20 св.зел.;Рабочие;2396;bcf5d9;;70;150;linen;115;Китай;30.11.2015;да;да;2;7;да;да
;Сорочечная 115;/temp/Soro4ka_svser2.JPG;;/temp/Soro4ka_svser2.JPG;;2905;2905;Сорочечная 115 80/20 св.сер. (2);Рабочие;2905;d3d3d3;;70;150;linen;115;Китай;30.11.2015;да;да;2;7;да;да
;Сорочечная 115;/temp/Soro4ka_sin9.JPG;;/temp/Soro4ka_sin9.JPG;;2906;2906;Сорочечная 115 80/20 син.(9);Рабочие;2906;1d0072;;70;150;linen;115;Китай;30.11.2015;да;да;2;7;да;да
;Сорочечная 115;/temp/Soro4ka_tser35.JPG;;/temp/Soro4ka_tser35.JPG;;4631;4631;Сорочечная 115 80/20 т.сер. (35);Рабочие;4631;5c5c5c;;70;150;linen;115;Китай;30.11.2015;да;да;2;7;да;да
;Сорочечная 115;/temp/Soro4ka_elec922.JPG;;/temp/Soro4ka_elec922.JPG;;2376;2376;Сорочечная 115 80/20 электр.(922);Рабочие;2376;0030b4;;70;150;linen;115;Китай;30.11.2015;да;да;2;7;да;да
;Стелс 170 ;/temp/Stels170.JPG;;/temp/Stels170.JPG;;2908;2908;Стелс 170 ВО 80/20 т.син;Рабочие;2908;1d0072;;;150;linen;190;Китай;30.11.2015;;да;2;7;да;да
;Лента световозвращающая ;/temp/lenta77.JPG;;/temp/lenta77.JPG;;6596;6596;Стрічка R>250 100% П/Э 10см.желт.;Ленты;6596;ffd400;;100;10;linen;190;Китай;30.11.2015;да;да;2;7;да;да
;Лента HIVIZ со световозвращающей полосой;/temp/lenta65.JPG;;/temp/lenta65.JPG;;6598;6598;Стрічка R>250 100% П/Э 10см.оран.;Ленты;6598;ea7000;;100;10;linen;190;Китай;30.11.2015;да;да;2;7;да;да
;Лента световозвращающая ;/temp/lenta88_276.JPG;;/temp/lenta88_276.JPG;;8753;8753;Стрічка R>250 100% П/Э 2,5см;Ленты;8753;8d8d8d;;100;10;linen;190;Китай;30.11.2015;да;да;2;7;да;да
;Лента световозвращающая ;/temp/lenta88.JPG;;/temp/lenta88.JPG;;8754;8754;Стрічка R>250 100% П/Э 5,0см;Ленты;8754;8d8d8d;;100;10;linen;190;Китай;30.11.2015;да;да;2;7;да;да
;Лента HIVIZ со световозвращающей полосой;/temp/lenta77_276.JPG;;/temp/lenta77_276.JPG;;6595;6595;Стрічка R>250 100% П/Э 5,0см.желт.;Ленты;6595;ffd400;;100;10;linen;190;Китай;30.11.2015;да;да;2;7;да;да
;Лента HIVIZ со световозвращающей полосой;/temp/lenta65_276.JPG;;/temp/lenta65_276.JPG;;6594;6594;Стрічка R>250 100% П/Э 5,0см.оран.;Ленты;6594;ea7000;;100;10;linen;190;Китай;30.11.2015;да;да;2;7;да;да
;Лента световозвращающая ;/temp/lenta8887.JPG;;/temp/lenta8887.JPG;;8751;8751;Стрічка R>380 (65хл/35пэ) 2.5см;Ленты;8751;8d8d8d;;100;10;linen;190;Китай;30.11.2015;да;да;2;7;да;да
;Лента световозвращающая ;/temp/lenta888.JPG;;/temp/lenta888.JPG;;8752;8752;Стрічка R>380 (65хл/35пэ) 5.0см;Ленты;8752;8d8d8d;;100;10;linen;190;Китай;30.11.2015;да;да;2;7;да;да
;Лента световозвращающая ;/temp/lenta99_276.JPG;;/temp/lenta99_276.JPG;;8748;8748;Стрічка R>380 100% П/Э 2,5см;Ленты;8748;8d8d8d;;100;10;linen;190;Китай;30.11.2015;да;да;2;7;да;да
;Лента световозвращающая ;/temp/lenta99.JPG;;/temp/lenta99.JPG;;8747;8747;Стрічка R>380 100% П/Э 5.0см;Ленты;8747;8d8d8d;;100;10;linen;190;Китай;30.11.2015;да;да;2;7;да;да
;Лента световозвращающая ;/temp/lenta.JPG;;/temp/lenta.JPG;;2594;2594;Стрічка R>480 100% П/Э 5,0 см;Ленты;2594;8d8d8d;;100;10;linen;190;Китай;30.11.2015;да;да;2;7;да;да
;Лента световозвращающая 6005;/temp/6005.JPG;;/temp/6005.JPG;;7452;7452;Стрічка R>500 6005 (65хл/35пэ) 5,0 см;Ленты;7452;8d8d8d;;100;10;linen;190;Китай;30.11.2015;да;да;2;7;да;да
;Лента световозвращающая FR Malta 6011;/temp/lenta_276.JPG;;/temp/lenta_276.JPG;;6567;6567;Стрічка R>450 FR Malta ОП 6011 100% Х/Б 5,0 см;Ленты;6567;8d8d8d;;100;10;linen;190;Китай;30.11.2015;да;да;2;7;да;да
;Ткань подкладочная Т 190;/temp/t190_143614bej.JPG;;/temp/t190_143614bej.JPG;;8741;8741;Тк.подкл.Т190 ш.150см беж;Рабочие;8741;e4c4a1;;100;150;linen;190;Китай;30.11.2015;да;да;2;7;да;да
;Ткань подкладочная Т 190;;;;;6910;6910;Тк.подкл.Т190 ш.150см бордо;Рабочие;6910;721439;;100;150;linen;190;Китай;30.11.2015;да;да;2;7;да;да
;Ткань подкладочная Т 190;/temp/t190_1412vas.JPG;;/temp/t190_1412vas.JPG;;2524;2524;Тк.подкл.Т190 ш.150см вас.3;Рабочие;2524;0030b4;;100;150;linen;190;Китай;30.11.2015;да;да;2;7;да;да
;Ткань подкладочная Т 190;/temp/t190_1420gol.JPG;;/temp/t190_1420gol.JPG;;6897;6897;Тк.подкл.Т190 ш.150см гол.;Рабочие;6897;88cafd;;100;150;linen;190;Китай;30.11.2015;да;да;2;7;да;да
;Ткань подкладочная Т 190;/temp/t190_1421jil.JPG;;/temp/t190_1421jil.JPG;;9753;9753;Тк.подкл.Т190 ш.150см желт.;Рабочие;9753;ffd400;;100;150;linen;190;Китай;30.11.2015;да;да;2;7;да;да
;Ткань подкладочная Т 190;/temp/t190_1425zel.JPG;;/temp/t190_1425zel.JPG;;6660;6660;Тк.подкл.Т190 ш.150см зел.(4);Рабочие;6660;206344;;100;150;linen;190;Китай;30.11.2015;да;да;2;7;да;да
;Ткань подкладочная Т 190;/temp/t190_1419kor.JPG;;/temp/t190_1419kor.JPG;;4698;4698;Тк.подкл.Т190 ш.150см корич.;Рабочие;4698;492c21;;100;150;linen;190;Китай;30.11.2015;да;да;2;7;да;да
;Ткань подкладочная Т 190;/temp/t190_1417kras.JPG;;/temp/t190_1417kras.JPG;;6912;6912;Тк.подкл.Т190 ш.150см красн.(6);Рабочие;6912;da0000;;100;150;linen;190;Китай;30.11.2015;да;да;2;7;да;да
;Ткань подкладочная Т 190;/temp/t190_1414bel.JPG;;/temp/t190_1414bel.JPG;;6904;6904;Тк.подкл.Т190 ш.150см отб.;Рабочие;6904;ffffff;;100;150;linen;190;Китай;30.11.2015;да;да;2;7;да;да
;Ткань подкладочная Т 190;/temp/t190_1422sin.JPG;;/temp/t190_1422sin.JPG;;6911;6911;Тк.подкл.Т190 ш.150см син.;Рабочие;6911;1d0072;;100;150;linen;190;Китай;30.11.2015;да;да;2;7;да;да
;Ткань подкладочная Т 190;/temp/t190_14515oliva55.JPG;;/temp/t190_14515oliva55.JPG;;4124;4124;Тк.подкл.Т190 ш.150см т.олив.(55);Рабочие;4124;464636;;100;150;linen;190;Китай;30.11.2015;да;да;2;7;да;да
;Ткань подкладочная Т 190;/temp/t190_1415xaki.JPG;;/temp/t190_1415xaki.JPG;;7450;7450;Тк.подкл.Т190 ш.150см хаки;Рабочие;7450;6a5e41;;100;150;linen;190;Китай;30.11.2015;да;да;2;7;да;да
;Ткань подкладочная Т 190;/temp/t190_14413ern.JPG;;/temp/t190_14413ern.JPG;;6900;6900;Тк.подкл.Т190 ш.150см черн.;Рабочие;6900;000000;;100;150;linen;190;Китай;30.11.2015;да;да;2;7;да;да
;Униформа 160;;;;;2384;2384;Униформа 160 80/20 бел-гол.;Рабочие;2384;ffffff;uniforma;50;150;serge;160;Китай;30.11.2015;да;да;2;7;да;да
;Униформа 160 ;/temp/Yniforma160_bel0.JPG;;/temp/Yniforma160_bel0.JPG;;2952;2952;Униформа 160 80/20 бел.(0);Рабочие;2952;ffffff;uniforma;50;150;serge;160;Китай;30.11.2015;да;да;2;7;да;да
;Униформа 160;/temp/Yniforma 160_biruza12.JPG;;/temp/Yniforma 160_biruza12.JPG;;2954;2954;Униформа 160 80/20 бирюз.(12);Рабочие;2954;6fd8e2;uniforma;50;150;serge;160;Китай;30.11.2015;да;да;2;7;да;да
;Униформа 160;/temp/Yniforma160_gol8.JPG;;/temp/Yniforma160_gol8.JPG;;2955;2955;Униформа 160 80/20 голуб.(8);Рабочие;2955;88cafd;uniforma;50;150;serge;160;Китай;30.11.2015;да;да;2;7;да;да
;Униформа 160;/temp/Yniforma160_kras16.JPG;;/temp/Yniforma160_kras16.JPG;;2387;2387;Униформа 160 80/20 красн.(16);Рабочие;2387;da0000;uniforma;50;150;serge;160;Китай;30.11.2015;да;да;2;7;да;да
;Униформа 160;/temp/Yniforma160_4ern6.JPG;;/temp/Yniforma160_4ern6.JPG;;2385;2385;Униформа 160 80/20 черн.(6);Рабочие;2385;000000;uniforma;50;150;serge;160;Китай;30.11.2015;да;да;2;7;да;да
;Униформа 160;/temp/Yniforma 160_electr5.JPG;;/temp/Yniforma 160_electr5.JPG;;2953;2953;Униформа 160 80/20 элект.(5);Рабочие;2953;0030b4;uniforma;50;150;serge;160;Китай;30.11.2015;да;да;2;7;да;да
;Униформа 160 Премиум;;;;;5953;5953;Униформа 160 Премиум бел.(0);Рабочие;5953;ffffff;uniforma;50;150;serge;160;Китай;30.11.2015;да;да;2;7;да;да
;Униформа 160 Премиум ;;;;;5956;5956;Униформа 160 Премиум бирюз.(12);Рабочие;5956;6fd8e2;uniforma;50;150;serge;160;Китай;30.11.2015;да;да;2;7;да;да
;Униформа 160 Премиум;;;;;5955;5955;Униформа 160 Премиум голуб.(8);Рабочие;5955;88cafd;uniforma;50;150;serge;160;Китай;30.11.2015;да;да;2;7;да;да
;Униформа 160 Премиум ;;;;;5954;5954;Униформа 160 Премиум зел.(1);Рабочие;5954;206344;uniforma;50;150;serge;160;Китай;30.11.2015;да;да;2;7;да;да
;Униформа 160 Премиум;;;;;6240;6240;Униформа 160 Премиум красн.(16);Рабочие;6240;da0000;uniforma;50;150;serge;160;Китай;30.11.2015;да;да;2;7;да;да
;Униформа 160 Премиум ;;;;;6223;6223;Униформа 160 Премиум св. зел.(2);Рабочие;6223;bcf5d9;uniforma;50;150;serge;160;Китай;30.11.2015;да;да;2;7;да;да
;Униформа 160 Премиум;;;;;6228;6228;Униформа 160 Премиум элект.(5);Рабочие;6228;0030b4;uniforma;50;150;serge;160;Китай;30.11.2015;да;да;2;7;да;да
;Вулкано 260;;;;;7156;7156;Вулкано 260 88/12 МКВО А вас;Специальные;7156;0030b4;fireline;;150;satin;260;Китай;30.11.2015;;да;2;7;да;да
;Вулкано 260 ;;;;;7234;7234;Вулкано 260 88/12 МКВО А т.син;Специальные;7234;1d0072;fireline;;150;satin;260;Китай;30.11.2015;;да;2;7;да;да
;Гефест 420 ;;;;;6710;6710;Гефест 420 желт.(15-1062);Специальные;6710;ffd400;fireline;;150;satin;420;Китай;30.11.2015;да;да;2;7;да;да
;Гефест 420;;;;;6714;6714;Гефест 420 красн.;Специальные;6714;da0000;fireline;;150;satin;420;Китай;30.11.2015;да;да;2;7;да;да
;Гефест 420;;;;;6715;6715;Гефест 420 оранж.;Специальные;6715;ea7000;fireline;;150;satin;420;Китай;30.11.2015;да;да;2;7;да;да
;Гефест 420;;;;;6708;6708;Гефест 420 сер.(18-0000);Специальные;6708;8d8d8d;fireline;;150;satin;420;Китай;30.11.2015;да;да;2;7;да;да
;Гефест 420;;;;;6713;6713;Гефест 420 т.син.;Специальные;6713;1d0072;fireline;;150;satin;420;Китай;30.11.2015;да;да;2;7;да;да
;Гефест 420 ;;;;;2415;2415;Гефест 420 черн;Специальные;2415;000000;fireline;;150;satin;420;Китай;30.11.2015;да;да;2;7;да;да
;Гидра 255 ;;;;;6569;6569;Гидра 255 МВО вас.;Специальные;6569;0030b4;protekta;;150;serge;255;Китай;30.11.2015;да;да;2;7;да;да
;Гидра 255 ;;;;;6568;6568;Гидра 255 МВО зел.;Специальные;6568;206344;protekta;;150;serge;255;Китай;30.11.2015;да;да;2;7;да;да
;Гидра 255;;;;;2456;2456;Гидра 255 МВО зел.(16-6339);Специальные;2456;206344;protekta;;150;serge;255;Китай;30.11.2015;да;да;2;7;да;да
;Гидра 255;;;;;3632;3632;Гидра 255 МВО зел.(19-5420);Специальные;3632;206344;protekta;;150;serge;255;Китай;30.11.2015;да;да;2;7;да;да
;Гидра 255;;;;;6570;6570;Гидра 255 МВО красн.;Специальные;6570;da0000;protekta;;150;serge;255;Китай;30.11.2015;да;да;2;7;да;да
;Гидра 255;;;;;7240;7240;Гидра 255 МВО оранж;Специальные;7240;ea7000;protekta;;150;serge;255;Китай;30.11.2015;да;да;2;7;да;да
;Гидра 255;;;;;7069;7069;Гидра 255 МВО сер.;Специальные;7069;8d8d8d;protekta;;150;serge;255;Китай;30.11.2015;да;да;2;7;да;да
;Гидра 255;;;;;2453;2453;Гидра 255 МВО сер.(18-5203);Специальные;2453;8d8d8d;protekta;;150;serge;255;Китай;30.11.2015;да;да;2;7;да;да
;Гидра 255;;;;;6571;6571;Гидра 255 МВО т.син.;Специальные;6571;1d0072;protekta;;150;serge;255;Китай;30.11.2015;да;да;2;7;да;да
;Гидра 255;/temp/gidra.JPG;;/temp/gidra.JPG;;7068;7068;Гидра 255 МВО черн.;Специальные;7068;000000;protekta;;150;serge;255;Китай;30.11.2015;да;да;2;7;да;да
;Коломбо 350 А;;;;;7236;7236;Коломбо 350 А вас.;Специальные;7236;0030b4;fireline;;150;serge;350;Китай;30.11.2015;;да;2;7;да;да
;Коломбо 350 А ;;;;;7237;7237;Коломбо 350 А сер.;Специальные;7237;8d8d8d;fireline;;150;serge;350;Китай;30.11.2015;;да;2;7;да;да
;Коломбо 350 А;;;;;7235;7235;Коломбо 350 А т.син.;Специальные;7235;1d0072;fireline;;150;serge;350;Китай;30.11.2015;;да;2;7;да;да
;Коломбо 350 ;;;;;6703;6703;Коломбо 350 без А желт.;Специальные;6703;ffd400;fireline;;150;serge;350;Китай;30.11.2015;да;да;2;7;да;да
;Коломбо 350 ;;;;;6705;6705;Коломбо 350 без А красн.;Специальные;6705;da0000;fireline;;150;serge;350;Китай;30.11.2015;да;да;2;7;да;да
;Коломбо 350;;;;;6699;6699;Коломбо 350 без А сер.;Специальные;6699;8d8d8d;fireline;;150;serge;350;Китай;30.11.2015;да;да;2;7;да;да
;Коломбо 350;;;;;6707;6707;Коломбо 350 без А т.син.;Специальные;6707;1d0072;fireline;;150;serge;350;Китай;30.11.2015;да;да;2;7;да;да
;Коломбо 350;;;;;6704;6704;Коломбо 350 без А черн.;Специальные;6704;000000;fireline;;150;serge;350;Китай;30.11.2015;да;да;2;7;да;да
;Коломбо 350;;;;;7241;7241;Мадейра 340 без А красн;Специальные;7241;da0000;fireline;;150;serge;320;Китай;30.11.2015;;да;2;7;да;да
;Коломбо 350;;;;;7242;7242;Мадейра 340 без А сер;Специальные;7242;8d8d8d;fireline;;150;serge;320;Китай;30.11.2015;;да;2;7;да;да
;Посейдон 300 ;;;;;7150;7150;Посейдон 300 80/20 А т.син;Специальные;7150;1d0072;fireline;;150;serge;300;Китай;30.11.2015;;да;2;7;да;да
;Селен-7 ;;;;;7155;7155;Селена-7 260 88/12 т.син;Специальные;7155;1d0072;fireline;;150;serge;260;Китай;30.11.2015;;да;2;7;да;да
;Электра 320;;;;;7148;7148;Электра 320 А вас;Специальные;7148;0030b4;fireline;;150;satin;320;Китай;30.11.2015;;да;2;7;да;да
;Электра 320 ;;;;;7238;7238;Электра 320 А т.син;Специальные;7238;1d0072;fireline;;150;satin;320;Китай;30.11.2015;;да;2;7;да;да
;Этна 350 А  ;;;;;2925;2925;Этна 350 А  желт ;Специальные;2925;ffd400;fireline;;150;satin;350;Китай;30.11.2015;;да;2;7;да;да
;Этна 350 А  ;;;;;6574;6574;Этна 350 А  красн.;Специальные;6574;da0000;fireline;;150;satin;350;Китай;30.11.2015;;да;2;7;да;да
;Этна 350 А  ;;;;;6576;6576;Этна 350 А  оранж.;Специальные;6576;ea7000;fireline;;150;satin;350;Китай;30.11.2015;;да;2;7;да;да
;Этна 350 А  ;;;;;6573;6573;Этна 350 А  сер.;Специальные;6573;8d8d8d;fireline;;150;satin;350;Китай;30.11.2015;;да;2;7;да;да
;Этна 350 А  ;;;;;7149;7149;Этна 350 А  черн;Специальные;7149;000000;fireline;;150;satin;350;Китай;30.11.2015;;да;2;7;да;да
;Этна 350 А  ;;;;;7239;7239;Этна 350 А вас;Специальные;7239;0030b4;fireline;;150;satin;350;Китай;30.11.2015;;да;2;7;да;да
;Этна 350 А ;;;;;6572;6572;Этна 350 А МВО т.син.;Специальные;6572;1d0072;fireline;;150;satin;350;Китай;30.11.2015;;да;2;7;да;да
;Майнер 310 А ;;;;;3808;3808;Майнер 310 А желт;Специальные;3808;ffd400;protekta;;150;satin;310;Китай;30.11.2015;;да;2;7;да;да
;Майнер 310 А ;;;;;3807;3807;Майнер 310 А сер;Специальные;3807;8d8d8d;protekta;;150;satin;310;Китай;30.11.2015;;да;2;7;да;да
;Майнер 310 А ;/temp/Mainer310IMG_2102.JPG;;/temp/Mainer310IMG_2102.JPG;;3806;3806;Майнер 310 А черн;Специальные;3806;000000;protekta;;150;satin;310;Китай;30.11.2015;;да;2;7;да;да
;Майнер 370;;;;;3810;3810;Майнер 370 желт 15-1062;Специальные;3810;ffd400;protekta;;150;satin;370;Китай;30.11.2015;;да;2;7;да;да
;Майнер 370 ;/temp/MainerIMG_2109.JPG;;/temp/MainerIMG_2109.JPG;;3812;3812;Майнер 370 красн 17-1654;Специальные;3812;da0000;protekta;;150;satin;370;Китай;30.11.2015;;да;2;7;да;да
;Майнер 370;;;;;3811;3811;Майнер 370 сер 19-3808;Специальные;3811;8d8d8d;protekta;;150;satin;370;Китай;30.11.2015;;да;2;7;да;да
;Майнер 370;;;;;3809;3809;Майнер 370 черн 19-1101;Специальные;3809;000000;protekta;;150;satin;370;Китай;30.11.2015;;да;2;7;да;да
;Профит 250 ;;;;;4235;4235;Профит 250 МВО т.сер.(08);Специальные;4235;5c5c5c;protekta;;150;serge;260;Китай;30.11.2015;да;да;2;7;да;да
;Профит 260 ;;;;;8412;8412;Профит 260 МВО вас;Специальные;8412;0030b4;protekta;;150;serge;260;Китай;30.11.2015;да;да;2;7;да;да
;Профит 260 ;;;;;4161;4161;Профит 260 МВО желт. 15-1062;Специальные;4161;ffd400;protekta;;150;serge;260;Китай;30.11.2015;да;да;2;7;да;да
;Профит 260;/temp/Profit260.JPG;;/temp/Profit260.JPG;;8413;8413;Профит 260 МВО зелен.;Специальные;8413;206344;protekta;;150;serge;260;Китай;30.11.2015;да;да;2;7;да;да
;Профит 260;;;;;2923;2923;Профит 260 МВО красн 17-1654;Специальные;2923;da0000;protekta;;150;serge;260;Китай;30.11.2015;да;да;2;7;да;да
;Профит 260;;;;;4162;4162;Профит 260 МВО оранж. 16;Специальные;4162;ea7000;protekta;;150;serge;260;Китай;30.11.2015;да;да;2;7;да;да
;Профит 260;;;;;4159;4159;Профит 260 МВО сер 18-0000;Специальные;4159;8d8d8d;protekta;;150;serge;260;Китай;30.11.2015;да;да;2;7;да;да
;Профит 260;;;;;2922;2922;Профит 260 МВО сер 19-3803;Специальные;2922;8d8d8d;protekta;;150;serge;260;Китай;30.11.2015;да;да;2;7;да;да
;Профит 260;;;;;2909;2909;Профит 260 МВО т.сер.(08);Специальные;2909;5c5c5c;protekta;;150;serge;260;Китай;30.11.2015;да;да;2;7;да;да
;Профит 260;;;;;8411;8411;Профит 260 МВО т.син.(02);Специальные;8411;1d0072;protekta;;150;serge;260;Китай;30.11.2015;да;да;2;7;да;да
;Профит 260;;;;;3195;3195;Профит 260 МВО черн;Специальные;3195;000000;protekta;;150;serge;260;Китай;30.11.2015;да;да;2;7;да;да
;Профит 260;;;;;2924;2924;Профит 260 МВО черн 19-1101;Специальные;2924;000000;protekta;;150;serge;260;Китай;30.11.2015;да;да;2;7;да;да
;Пруфер 245 ;;;;;2914;2914;Пруфер 245 МВО вас 3;Специальные;2914;0030b4;protekta;;150;serge;245;Китай;30.11.2015;;да;2;7;да;да
;Пруфер 245;;;;;2911;2911;Пруфер 245 МВО желт 15-1062;Специальные;2911;ffd400;protekta;;150;serge;245;Китай;30.11.2015;;да;2;7;да;да
;Пруфер 245;;;;;2917;2917;Пруфер 245 МВО красн 17-1654;Специальные;2917;da0000;protekta;;150;serge;245;Китай;30.11.2015;;да;2;7;да;да
;Пруфер 245;;;;;2916;2916;Пруфер 245 МВО сер 19-3803;Специальные;2916;8d8d8d;protekta;;150;serge;245;Китай;30.11.2015;;да;2;7;да;да
;Пруфер 245;;;;;2915;2915;Пруфер 245 МВО син 2;Специальные;2915;1d0072;protekta;;150;serge;245;Китай;30.11.2015;;да;2;7;да;да
;Пруфер 245;;;;;2918;2918;Пруфер 245 МВО черн 19-1101;Специальные;2918;000000;protekta;;150;serge;245;Китай;30.11.2015;;да;2;7;да;да
;Райтон 255 ;;;;;2920;2920;Райтон 255 МВО красн 17-1654;Специальные;2920;da0000;protekta;;150;serge;255;Китай;30.11.2015;;да;2;7;да;да
;Райтон 255 ;/temp/PaitonIMG_2105.JPG;;/temp/PaitonIMG_2105.JPG;;2919;2919;Райтон 255 МВО сер 19-3803;Специальные;2919;8d8d8d;protekta;;150;serge;255;Китай;30.11.2015;;да;2;7;да;да
;Райтон 255 ;;;;;2921;2921;Райтон 255 МВО черн 19-1101;Специальные;2921;000000;protekta;;150;serge;255;Китай;30.11.2015;;да;2;7;да;да
;Корпус E 235 ;;;;;4069;4069;Корпус E 235 60хл/40пэ рис.9;Военные;4069;camouflage;military;;150;serge;235;Китай;30.11.2015;;да;2;7;да;да
;Корпус R 235;;;;;4068;4068;Корпус R 235 60хл/40пэ рис.9;Военные;4068;camouflage;military;;150;serge;235;Китай;30.11.2015;;да;2;7;да;да
;Varta;;;;;4071;4071;Varta;Военные;4071;camouflage;military;;150;linenripstop;250;Китай;30.11.2015;;да;2;7;да;да
;Нитки Зуки 28s/2 ;;;;;2828;2828;Нитки Зуки 28s/2 бел. Optic;Нитки;2828;ffffff;zuki;2500;;;250;Китай;30.11.2015;да;да;2;7;да;да
;Нитки Зуки 28s/2;;;;;2827;2827;Нитки Зуки 28s/2 зел. 220;Нитки;2827;206344;zuki;2500;;;250;Китай;30.11.2015;да;да;2;7;да;да
;Нитки Зуки 28s/2;;;;;3765;3765;Нитки Зуки 28s/2 оранж. 148;Нитки;3765;ea7000;zuki;2500;;;250;Китай;30.11.2015;да;да;2;7;да;да
;Нитки Зуки 28s/2;;;;;2825;2825;Нитки Зуки 28s/2 син. 325 45 лл;Нитки;2825;002a6d;zuki;2500;;;250;Китай;30.11.2015;да;да;2;7;да;да
;Нитки Зуки 28s/2;;;;;2425;2425;Нитки Зуки 28s/2 т.олив. 421;Нитки;2425;464636;zuki;2500;;;250;Китай;30.11.2015;да;да;2;7;да;да
;Нитки Зуки 28s/2;;;;;3766;3766;Нитки Зуки 28s/2 т.сер. 347;Нитки;3766;5c5c5c;zuki;2500;;;250;Китай;30.11.2015;да;да;2;7;да;да
;Нитки Зуки 28s/2;;;;;2826;2826;Нитки Зуки 28s/2 хаки 425;Нитки;2826;6a5e41;zuki;2500;;;250;Китай;30.11.2015;да;да;2;7;да;да
;Нитки Зуки 28s/2;;;;;2824;2824;Нитки Зуки 28s/2 черн;Нитки;2824;000000;zuki;2500;;;250;Китай;30.11.2015;да;да;2;7;да;да
;Нитки Зуки 40/2 ;;;;;2806;2806;Нитки Зуки 40/2 бел. optic;Нитки;2806;ffffff;zuki;3656;;;250;Китай;30.11.2015;да;да;2;7;да;да
;Нитки Зуки 40/2;;;;;2819;2819;Нитки Зуки 40/2 зел. 220;Нитки;2819;206344;zuki;3656;;;250;Китай;30.11.2015;да;да;2;7;да;да
;Нитки Зуки 40/2;;;;;2822;2822;Нитки Зуки 40/2 оран. 148;Нитки;2822;ea7000;zuki;3656;;;250;Китай;30.11.2015;да;да;2;7;да;да
;Нитки Зуки 40/2;;;;;2818;2818;Нитки Зуки 40/2 син. 325;Нитки;2818;002a6d;zuki;3656;;;250;Китай;30.11.2015;да;да;2;7;да;да
;Нитки Зуки 40/2;;;;;2452;2452;Нитки Зуки 40/2 т.олив. 421;Нитки;2452;464636;zuki;3656;;;250;Китай;30.11.2015;да;да;2;7;да;да
;Нитки Зуки 40/2;;;;;2823;2823;Нитки Зуки 40/2 т.сер. 347;Нитки;2823;5c5c5c;zuki;3656;;;250;Китай;30.11.2015;да;да;2;7;да;да
;Нитки Зуки 40/2;;;;;2821;2821;Нитки Зуки 40/2 хаки 425;Нитки;2821;6a5e41;zuki;3656;;;250;Китай;30.11.2015;да;да;2;7;да;да
;Нитки Зуки 40/2;;;;;2805;2805;Нитки Зуки 40/2 черн;Нитки;2805;000000;zuki;3656;;;250;Китай;30.11.2015;да;да;2;7;да;да
;Нейлон ;;;;;6625;6625;Нейлон бир(12);Рабочие;6625;6fd8e2;;;150;knitted;100;Китай;30.11.2015;;да;2;7;да;да
;Нейлон ;;;;;6622;6622;Нейлон бордо(14);Рабочие;6622;721439;;;150;knitted;100;Китай;30.11.2015;;да;2;7;да;да
;Нейлон ;;;;;6620;6620;Нейлон вас(3);Рабочие;6620;0030b4;;;150;knitted;100;Китай;30.11.2015;;да;2;7;да;да
;Нейлон ;;;;;6624;6624;Нейлон гол(18-4244);Рабочие;6624;88cafd;;;150;knitted;100;Китай;30.11.2015;;да;2;7;да;да
;Нейлон ;;;;;6626;6626;Нейлон зел(1);Рабочие;6626;206344;;;150;knitted;100;Китай;30.11.2015;;да;2;7;да;да
;Нейлон ;;;;;6621;6621;Нейлон отб(0);Рабочие;6621;ffffff;;;150;knitted;100;Китай;30.11.2015;;да;2;7;да;да
;Брезент 11211 ОП;;;;;2406;2406;Брезент 11211 ш.90см ОП;Рабочие;2406;;;100;90;linen;550;Россия;30.11.2015;;да;14;21;да;да
;Брезент 11292 ОП;/temp/11292Brezent.JPG;;/temp/11292Brezent.JPG;;2458;2458;Брезент 11292 ш.90см ОП;Рабочие;2458;;;100;90;linen;550;Россия;30.11.2015;;да;14;21;да;да
;Брезент 11292 ПВ;/temp/11292BrezentPVV.JPG;;/temp/11292BrezentPVV.JPG;;2459;2459;Брезент 11292 ш.90см ПВ;Рабочие;2459;;;100;90;linen;550;Россия;30.11.2015;;да;14;21;да;да
;Брезент 11293 ПВ;;;;;2460;2460;Брезент 11293  ш.90см ПВ;Рабочие;2460;;;100;90;linen;550;Россия;30.11.2015;;да;14;21;да;да
;Брезент 11293 ОП;;;;;2461;2461;Брезент 11293 ш.90см ОП;Рабочие;2461;;;100;90;linen;550;Россия;30.11.2015;;да;14;21;да;да
;Брезент 11293 ОПД;/temp/11293BrezentOPD.JPG;;/temp/11293BrezentOPD.JPG;;8057;8057;Брезент 11293 ш.90см ОПД;Рабочие;8057;;;100;90;linen;550;Россия;30.11.2015;;да;14;21;да;да
;Брезент 11293 ПВД;/temp/11293 PVD.JPG;;/temp/11293 PVD.JPG;;8058;8058;Брезент 11293 ш.90см ПВД;Рабочие;8058;;;100;90;linen;550;Россия;30.11.2015;;да;14;21;да;да
;Брезент 10 ОП;/temp/10Brezent.JPG;;/temp/10Brezent.JPG;;2381;2381;Брезент п/л арт 10 ОП;Рабочие;2381;;;100;90;linen;550;Россия;30.11.2015;;да;14;21;да;да
;Брезент 11135 ОП;/temp/11135Brezent.JPG;;/temp/11135Brezent.JPG;;2468;2468;Брезент 11135 К ш.90см ОП;Рабочие;2468;;;100;90;linen;550;Россия;30.11.2015;;да;14;21;да;да
;Брезент 11252 СкПВ;;;;;2877;2877;Брезент 11252 К ш.90см  СкПВ;Рабочие;2877;;;100;90;linen;550;Россия;30.11.2015;;да;14;21;да;да
;Брезент 11292 ОП;;;;;2602;2602;Брезент 11292 К ш.90см ОП;Рабочие;2602;;;100;90;linen;550;Россия;30.11.2015;;да;14;21;да;да
;Брезент 11292 СкПВ;;;;;2868;2868;Брезент 11292 К ш.90см СкПВ;Рабочие;2868;;;100;90;linen;550;Россия;30.11.2015;;да;14;21;да;да
;Брезент 11293 ОП;/temp/11293BrezentOP.JPG;;/temp/11293BrezentOP.JPG;;4187;4187;Брезент 11293 К ш.90см ОП;Рабочие;4187;;;100;90;linen;550;Россия;30.11.2015;;да;14;21;да;да
;Брезент 11293 СкПВ;/temp/11293BrezentSKPV.JPG;;/temp/11293BrezentSKPV.JPG;;4186;4186;Брезент 11293 К ш.90см СкПВ;Рабочие;4186;;;100;90;linen;550;Россия;30.11.2015;;да;14;21;да;да
;Бязь С262;;;;;2535;2535;Бязь відбіл. 150см С262;Рабочие;2535;ffffff;;;150;linen;100;Россия;30.11.2015;;да;14;21;да;да
;Бязь ГОСТ ;/temp/gost.JPG;;/temp/gost.JPG;;2374;2374;Бязь відб. ГОСТ  150см;Рабочие;2374;ffffff;;;150;linen;100;Россия;30.11.2015;;да;14;21;да;да
;Бязь ГОСТ ;;;;;4210;4210;Бязь ГОСТ 150см бирюза;Рабочие;4210;6fd8e2;;;150;linen;100;Россия;30.11.2015;;да;14;21;да;да
;Бязь ГОСТ ;;;;;3793;3793;Бязь ГОСТ 150см голуб;Рабочие;3793;88cafd;;;150;linen;100;Россия;30.11.2015;;да;14;21;да;да
;Бязь ГОСТ ;;;;;9807;9807;Бязь ГОСТ 150см оливкова;Рабочие;9807;62624c;;;150;linen;100;Россия;30.11.2015;;да;14;21;да;да
;Бязь ГОСТ ;;;;;6684;6684;Бязь ГОСТ 150см роз.;Рабочие;6684;ffc0cb;;;150;linen;100;Россия;30.11.2015;;да;14;21;да;да
;Бязь ГОСТ ;;;;;3794;3794;Бязь ГОСТ 150см салат.;Рабочие;3794;90eec0;;;150;linen;100;Россия;30.11.2015;;да;14;21;да;да
;Бязь ГОСТ ;;;;;6657;6657;Бязь ГОСТ 150см св.роз.;Рабочие;6657;ffdae0;;;150;linen;100;Россия;30.11.2015;;да;14;21;да;да
;Бязь ГОСТ ;;;;;4895;4895;Бязь ГОСТ 150см син.;Рабочие;4895;002a6d;;;150;linen;100;Россия;30.11.2015;;да;14;21;да;да
;Бязь ГОСТ ;;;;;2475;2475;Бязь ГОСТ 150см черн.;Рабочие;2475;000000;;;150;linen;100;Россия;30.11.2015;;да;14;21;да;да
;Бязь C262;;;;;5737;5737;Бязь відбіл. 220см С262   120;Рабочие;5737;ffffff;;;150;linen;100;Россия;30.11.2015;;да;14;21;да;да
;Бязь C262;;;;;3880;3880;Бязь відбіл. 150см С262   120;Рабочие;3880;ffffff;;;150;linen;100;Россия;30.11.2015;;да;14;21;да;да
;Бязь C262;;;;;7208;7208;Бязь ш.150см олив C262 120 г/ф.;Рабочие;7208;62624c;;;150;linen;100;Россия;30.11.2015;;да;14;21;да;да
;Бязь C262;;;;;2608;2608;Бязь ш.150см черн. C262 120 г/ф.;Рабочие;2608;000000;;;150;linen;100;Россия;30.11.2015;;да;14;21;да;да
;Бязь C262;;;;;2573;2573;Бязь ш.150см олив C262 г/ф.;Рабочие;2573;62624c;;;150;linen;100;Россия;30.11.2015;;да;14;21;да;да
;Бязь C262;;;;;2579;2579;Бязь ш.150см оранж C262 г/ф.;Рабочие;2579;ea7000;;;150;linen;100;Россия;30.11.2015;;да;14;21;да;да
;Бязь C262;;;;;2548;2548;Бязь ш.150см сер C262 г/ф.;Рабочие;2548;8d8d8d;;;150;linen;100;Россия;30.11.2015;;да;14;21;да;да
;Бязь C262;;;;;2587;2587;Бязь ш.150см син C262 г/ф.;Рабочие;2587;002a6d;;;150;linen;100;Россия;30.11.2015;;да;14;21;да;да
;Бязь C262;;;;;2600;2600;Бязь ш.150см черн. C262 г/ф.;Рабочие;2600;000000;;;150;linen;100;Россия;30.11.2015;;да;14;21;да;да
;Бязь 12с-2;;;;;6484;6484;Бязь 12с-2 сур. ш.165 см 135 г/м2 Иваново;Рабочие;6484;d1c9ad;;;150;linen;100;Россия;30.11.2015;;да;14;21;да;да
;Горизонт С1-ЮД ;/temp/Gorizont.JPG;;/temp/Gorizont.JPG;;3508;3508;Горизонт С1-ЮД ш.135см сірий (60);Рабочие;3508;8d8d8d;;;135;atlas;390;Россия;30.11.2015;;да;14;21;да;да
;Двунитка аппетированная 0705;/temp/Dvynitka0705appr.JPG;;/temp/Dvynitka0705appr.JPG;;5407;5407;Двунит.апрет. 0705 ш.90см;Рабочие;5407;d1c9ad;;;90;linen;219;Россия;30.11.2015;;да;14;21;да;да
;Двунитка аппетированная 24;/temp/Dvynitka24appr.JPG;;/temp/Dvynitka24appr.JPG;;2607;2607;Двунит.апрет. 24 ш.89см;Рабочие;2607;d1c9ad;;;90;linen;219;Россия;30.11.2015;;да;14;21;да;да
;Двунитка аппетированная 20422х;/temp/Dvynitka20422.JPG;;/temp/Dvynitka20422.JPG;;3496;3496;Двунит.апрет.20422х ш.90см;Рабочие;3496;d1c9ad;;;90;linen;219;Россия;30.11.2015;;да;14;21;да;да
;Двунитка суровая 0105 с;/temp/Dvynitka0105.JPG;;/temp/Dvynitka0105.JPG;;2776;2776;Двунит.сур. 0105с ш.90см;Рабочие;2776;d1c9ad;;;90;linen;219;Россия;30.11.2015;;да;14;21;да;да
;Двунитка суровая 0705;/temp/Dvynitka0705.JPG;;/temp/Dvynitka0705.JPG;;9724;9724;Двунит.сур. 0705 ш.90см;Рабочие;9724;d1c9ad;;;90;linen;219;Россия;30.11.2015;;да;14;21;да;да
;Двунитка суровая 2022 х ;/temp/Dvynitka2022x.JPG;;/temp/Dvynitka2022x.JPG;;5736;5736;Двунит.сур. 2022х ш.90см;Рабочие;5736;d1c9ad;;;90;linen;219;Россия;30.11.2015;;да;14;21;да;да
;Двунитка суровая 24 ;/temp/Dvynitka24syr.JPG;;/temp/Dvynitka24syr.JPG;;2507;2507;Двунит.сур. 24 ш.90см (92/8);Рабочие;2507;d1c9ad;;;90;linen;219;Россия;30.11.2015;;да;14;21;да;да
;Диагональ С36-ЕХ ;;;;;4236;4236;Діаг. г/ф. С36-ЕХ ш.150см син ;Рабочие;4236;002a6d;;;150;serge;285;Россия;30.11.2015;;да;14;21;да;да
;Диагональ С36-ЕХ ;;;;;3160;3160;Діаг. г/ф. С36-ЕХ ш.150см чорн.;Рабочие;3160;000000;;;150;serge;285;Россия;30.11.2015;;да;14;21;да;да
;Диагональ С36-ЕХ ;;;;;3702;3702;Діаг. г/ф. С36-ЕХ ш.90см олів.;Рабочие;3702;62624c;;;150;serge;285;Россия;30.11.2015;;да;14;21;да;да
;Диагональ С36-ЕХ ;/temp/с36ех.JPG;;/temp/с36ех.JPG;;3703;3703;Діаг. г/ф. С36-ЕХ ш.90см син.;Рабочие;3703;002a6d;;;150;serge;285;Россия;30.11.2015;;да;14;21;да;да
;Диагональ С36-ЕХ ;;;;;3705;3705;Діаг. г/ф. С36-ЕХ ш.90см чорн.;Рабочие;3705;000000;;;150;serge;285;Россия;30.11.2015;;да;14;21;да;да
;Диагональ С50-ЕХ;;;;;2457;2457;Діаг. г/ф. С50-ЕХ ш.150см син ;Рабочие;2457;002a6d;;;150;serge;285;Россия;30.11.2015;;да;14;21;да;да
;Диагональ С50-ЕХ;;;;;8961;8961;Діаг. г/ф. С50-ЕХ ш.150см хак.;Рабочие;8961;6a5e41;;;150;serge;285;Россия;30.11.2015;;да;14;21;да;да
;Диагональ С50-ЕХ;;;;;2901;2901;Діаг. г/ф. С50-ЕХ ш.150см черн.;Рабочие;2901;000000;;;150;serge;285;Россия;30.11.2015;;да;14;21;да;да
;Диагональ С50-ЕХ;/temp/С50ЕХ.JPG;;/temp/С50ЕХ.JPG;;3715;3715;Діаг. г/ф. С50-ЕХ ш.85см олив.;Рабочие;3715;62624c;;;150;serge;285;Россия;30.11.2015;;да;14;21;да;да
;Диагональ С50-ЕХ;;;;;3716;3716;Діаг. г/ф. С50-ЕХ ш.85см син.;Рабочие;3716;002a6d;;;150;serge;285;Россия;30.11.2015;;да;14;21;да;да
;Диагональ С50-ЕХ;;;;;3717;3717;Діаг. г/ф. С50-ЕХ ш.85см хак.;Рабочие;3717;6a5e41;;;150;serge;285;Россия;30.11.2015;;да;14;21;да;да
;Диагональ С50-ЕХ;;;;;3718;3718;Діаг. г/ф. С50-ЕХ ш.85см чорн.;Рабочие;3718;000000;;;150;serge;285;Россия;30.11.2015;;да;14;21;да;да
;Диагональ С3489-ЕХ;;;;;3700;3700;Діаг.г/ф.С3489-ЕХ ш.150cм син.;Рабочие;3700;002a6d;;;150;serge;245;Россия;30.11.2015;;да;14;21;да;да
;Диагональ С3489-ЕХ;;;;;8960;8960;Діаг.г/ф.С3489-ЕХ ш.150cм чорн.;Рабочие;8960;000000;;;150;serge;245;Россия;30.11.2015;;да;14;21;да;да
;Диагональ С3489-ЕХ;;;;;3701;3701;Діаг.г/ф.С3489-ЕХ ш.85cм чорн.;Рабочие;3701;000000;;;150;serge;245;Россия;30.11.2015;;да;14;21;да;да
;Диагональ 1120;;;;;5908;5908;Діаг. г/ф. 1120 ш.85см кам нато;Рабочие;5908;camouflage;;;80;serge;195;Россия;30.11.2015;;да;14;21;да;да
;Диагональ 1136;/temp/1136.JPG;;/temp/1136.JPG;;5010;5010;Діаг. г/ф. 1136  ш.85см син.;Рабочие;5010;002a6d;;;85;serge;235;Россия;30.11.2015;;да;14;21;да;да
;Диагональ 22ВЧ;/temp/22вч.JPG;;/temp/22вч.JPG;;3667;3667;Діаг. г/ф. 22В4 ш.85см син.;Рабочие;3667;002a6d;;;85;serge;200;Россия;30.11.2015;;да;14;21;да;да
;Диагональ 22ВЧ;;;;;3668;3668;Діаг. г/ф. 22В4 ш.85см чорн.;Рабочие;3668;000000;;;85;serge;200;Россия;30.11.2015;;да;14;21;да;да
;Диагональ 3515;;;;;3771;3771;Діаг. г/ф. 3515 ш.85см син.;Рабочие;3771;002a6d;;;85;serge;200;Россия;30.11.2015;;да;14;21;да;да
;Диагональ 3515;;;;;8852;8852;Діаг. г/ф. 3515 ш.85см чорн.;Рабочие;8852;000000;;;85;serge;200;Россия;30.11.2015;;да;14;21;да;да
;Диагональ прорезиненная 1167;/temp/1167Diagonal.JPG;;/temp/1167Diagonal.JPG;;6253;6253;Діаг. прорезин.1167 чорн.;Рабочие;6253;000000;;;82;serge;600;Россия;30.11.2015;;да;14;21;да;да
;Мадаполам;/temp/Madapolam.JPG;;/temp/Madapolam.JPG;;2436;2436;Мадаполам;Рабочие;2436;ffffff;;;80;linen;77;Россия;30.11.2015;;да;14;21;да;да
;Молескин Р25 ;/temp/Moleskin p25.JPG;;/temp/Moleskin p25.JPG;;8078;8078;Молескин Р25 отб. ш.130;Рабочие;8078;ffffff;;;130;satin;250;Россия;30.11.2015;;да;14;21;да;да
;Молескин Р29 чорн (27) ш.130;/temp/Moleskin р29.JPG;;/temp/Moleskin р29.JPG;;7967;7967;Молескин Р29 чорн (27) ш.130;Рабочие;7967;000000;;;130;satin;280;Россия;30.11.2015;;да;14;21;да;да
;Молескин С159-ЮГ черн ш.150;;;;;5692;5692;Молескин С159-ЮГ черн ш.150;Рабочие;5692;000000;;;150;satin;280;Россия;30.11.2015;;да;14;21;да;да
;Ткань полотенечная;;;;;2510;2510;Тк.рушник. ш.45 біл. 295 200г.;Рабочие;2510;ffffff;;;45;linen;200;Россия;30.11.2015;;да;14;21;да;да
;Полотно палаточное C-124 ЮГ ;/temp/124UG.JPG;;/temp/124UG.JPG;;4904;4904;Полотно палаточне C-124 ЮГ ш.150см хакі;Рабочие;4904;6a5e41;;;150;linen;270;Россия;30.11.2015;;да;14;21;да;да
;Ткань кислотостойкая К-80 С 154 юг;/temp/к80.JPG;;/temp/к80.JPG;;6804;6804;Тк.кислотостійка  К-80 арт.С154 юг;Рабочие;6804;002a6d;;;150;linen;240;Россия;30.11.2015;;да;14;21;да;да
;Саржа C 157-ЮГ;;;;;5637;5637;саржа C157-ЮГ ш.150 вас;Рабочие;5637;0030b4;;;150;serge;250;Россия;30.11.2015;;да;14;21;да;да
;Саржа C 157-ЮГ;;;;;6516;6516;саржа C157-ЮГ ш.150 зел (11);Рабочие;6516;206344;;;150;serge;250;Россия;30.11.2015;;да;14;21;да;да
;Саржа C 157-ЮГ;;;;;6488;6488;саржа C157-ЮГ ш.150 красн;Рабочие;6488;da0000;;;150;serge;250;Россия;30.11.2015;;да;14;21;да;да
;Саржа C 157-ЮГ;;;;;6688;6688;саржа C157-ЮГ ш.150 оранж.;Рабочие;6688;ea7000;;;150;serge;250;Россия;30.11.2015;;да;14;21;да;да
;Саржа C 157-ЮГ;;;;;7285;7285;саржа C157-ЮГ ш.150 отб.;Рабочие;7285;ffffff;;;150;serge;250;Россия;30.11.2015;;да;14;21;да;да
;Саржа C 157-ЮГ;;;;;7284;7284;саржа C157-ЮГ ш.150 сер.;Рабочие;7284;8d8d8d;;;150;serge;250;Россия;30.11.2015;;да;14;21;да;да
;Саржа C 157-ЮГ;;;;;5367;5367;саржа C157-ЮГ ш.150 син(02);Рабочие;5367;002a6d;;;150;serge;250;Россия;30.11.2015;;да;14;21;да;да
;Саржа C 157-ЮГ;;;;;5287;5287;саржа C157-ЮГ ш.150 син(03);Рабочие;5287;002a6d;;;150;serge;250;Россия;30.11.2015;;да;14;21;да;да
;Саржа C 157-ЮГ;;;;;5406;5406;саржа C157-ЮГ ш.150 т.сер.;Рабочие;5406;5c5c5c;;;150;serge;250;Россия;30.11.2015;;да;14;21;да;да
;Саржа C 157-ЮГ;;;;;5368;5368;саржа C157-ЮГ ш.150 черн;Рабочие;5368;000000;;;150;serge;250;Россия;30.11.2015;;да;14;21;да;да
;Саржа С38-ЮД;;;;;6393;6393;саржа С38-ЮД ш.150 алый (85);Рабочие;6393;d42d12;;;150;serge;250;Россия;30.11.2015;;да;14;21;да;да
;Саржа С38-ЮД;/temp/38bej_1609.JPG;;/temp/38bej_1609.JPG;;8443;8443;саржа С38-ЮД ш.150 беж (51);Рабочие;8443;e4c4a1;;;150;serge;250;Россия;30.11.2015;;да;14;21;да;да
;Саржа С38-ЮД;;;;;4945;4945;саржа С38-ЮД ш.150 бордо (34);Рабочие;4945;721439;;;150;serge;250;Россия;30.11.2015;;да;14;21;да;да
;Саржа С38-ЮД;/temp/38vas_1608.JPG;;/temp/38vas_1608.JPG;;4946;4946;саржа С38-ЮД ш.150 васил (01);Рабочие;4946;0030b4;;;150;serge;250;Россия;30.11.2015;;да;14;21;да;да
;Саржа С38-ЮД;/temp/38jilt_1614.JPG;;/temp/38jilt_1614.JPG;;4948;4948;саржа С38-ЮД ш.150 желт (33);Рабочие;4948;ffd400;;;150;serge;250;Россия;30.11.2015;;да;14;21;да;да
;Саржа С38-ЮД;/temp/38zel_1611.JPG;;/temp/38zel_1611.JPG;;4949;4949;саржа С38-ЮД ш.150 зелен (11);Рабочие;4949;206344;;;150;serge;250;Россия;30.11.2015;;да;14;21;да;да
;Саржа С38-ЮД;;;;;9681;9681;саржа С38-ЮД ш.150 зелен (81);Рабочие;9681;206344;;;150;serge;250;Россия;30.11.2015;;да;14;21;да;да
;Саржа С38-ЮД;/temp/38kras_1615.JPG;;/temp/38kras_1615.JPG;;4953;4953;саржа С38-ЮД ш.150 красн (32);Рабочие;4953;da0000;;;150;serge;250;Россия;30.11.2015;;да;14;21;да;да
;Саржа С38-ЮД;/temp/38oranj_1606.JPG;;/temp/38oranj_1606.JPG;;4950;4950;саржа С38-ЮД ш.150 оранж (31);Рабочие;4950;ea7000;;;150;serge;250;Россия;30.11.2015;;да;14;21;да;да
;Саржа С38-ЮД;;;;;4951;4951;саржа С38-ЮД ш.150 отб (00);Рабочие;4951;ffffff;;;150;serge;250;Россия;30.11.2015;;да;14;21;да;да
;Саржа С38-ЮД;;;;;4943;4943;саржа С38-ЮД ш.150 сер-гол (04);Рабочие;4943;788aa7;;;150;serge;250;Россия;30.11.2015;;да;14;21;да;да
;Саржа С38-ЮД;;;;;5133;5133;саржа С38-ЮД ш.150 серая (129);Рабочие;5133;8d8d8d;;;150;serge;250;Россия;30.11.2015;;да;14;21;да;да
;Саржа С38-ЮД;;;;;8875;8875;саржа С38-ЮД ш.150 серая (29);Рабочие;8875;8d8d8d;;;150;serge;250;Россия;30.11.2015;;да;14;21;да;да
;Саржа С38-ЮД;;;;;4952;4952;саржа С38-ЮД ш.150 син (02);Рабочие;4952;002a6d;;;150;serge;250;Россия;30.11.2015;;да;14;21;да;да
;Саржа С38-ЮД;;;;;4944;4944;саржа С38-ЮД ш.150 син (03);Рабочие;4944;002a6d;;;150;serge;250;Россия;30.11.2015;;да;14;21;да;да
;Саржа С38-ЮД;/temp/384ern_1616.JPG;;/temp/384ern_1616.JPG;;4954;4954;саржа С38-ЮД ш.150 черная (88);Рабочие;4954;000000;;;150;serge;250;Россия;30.11.2015;;да;14;21;да;да
;Тик матрасный Радуга ;/temp/Tic_cvprosnov.JPG;;/temp/Tic_cvprosnov.JPG;;6676;6676;Тік матрасний Радуга 165Б ш.165см;Рабочие;6676;ffffff;;;165;linen;180;Россия;30.11.2015;;да;14;21;да;да
;Тик матрасный 17ХЮ;/temp/17xu-302.JPG;;/temp/17xu-302.JPG;;6675;6675;Тік матрасний кол.просн.17ХЮ;Рабочие;6675;ffffff;;;167;linen;160;Россия;30.11.2015;;да;14;21;да;да
;Тик наперниковый ;/temp/tic.JPG;;/temp/tic.JPG;;6092;6092;Тик наперниковый 126. ш.80см 100%хб голуб ;Рабочие;6092;88cafd;;;150;linen;150;Россия;30.11.2015;;да;14;21;да;да
;Фланель С501-ТИ;;;;;7467;7467;Флан.г/ф. С501-ТИ  ш.75см чорн.;Рабочие;7467;000000;;;75;linen;170;Россия;30.11.2015;;да;14;21;да;да
;Фланель 12с-12;;;;;7676;7676;Фланель відб. 12с-12 ш.90см;Рабочие;7676;ffffff;;;90;linen;170;Россия;30.11.2015;;да;14;21;да;да
;Фланель 12с-12 ;;;;;7707;7707;Фланель сур. 12с-12 ш.100см;Рабочие;7707;d1c9ad;;;90;linen;170;Россия;30.11.2015;;да;14;21;да;да
;Фланель 12с-14 ;;;;;7459;7459;Фланель відб. 12с-14 ш.75см;Рабочие;7459;ffffff;;;75;linen;170;Россия;30.11.2015;;да;14;21;да;да
;Фланель С514-ТИ ;;;;;4112;4112;Фланель С514-ТИ ш.90см с начесом отб.;Рабочие;4112;ffffff;;;90;linen;180;Россия;30.11.2015;;да;14;21;да;да
;Фланель С514-ТИ ;;;;;5989;5989;Фланель С514-ТИ ш.90см с начесом сур. ;Рабочие;5989;d1c9ad;;;90;linen;180;Россия;30.11.2015;;да;14;21;да;да