#;Артикул;Название;Производитель;Длина, см;Диаметр, мм;Тип;Материал;Статус;Гарантия;Оптовая цена;Оптовая валюта;Розничная цена;Розничная валюта;Категория;Подкатегория;;;;;;;;;;;;;;;;
IE_XML_ID;PROP_SKU;IE_NAME;PROP_MANUFACTURER;;;;PROP_GIDROKOSTYUMY_TYPE;PROP_STATUS;PROP_WARRANTY;OPT_PRICE;OPT_CURRENCY;PRICE_PRICE;PRICE_CURRENCY;IC_GROUP0;IC_GROUP1;IE_ID;IE_ACTIVE;IE_ACTIVE_FROM;IE_ACTIVE_TO;IE_PREVIEW_PICTURE;IE_PREVIEW_TEXT;IE_PREVIEW_TEXT_TYPE;IE_DETAIL_PICTURE;IE_DETAIL_TEXT;IE_DETAIL_TEXT_TYPE;IE_CODE;IE_SORT;IE_TAGS;IP_PROP2;IP_PROP4;IC_GROUP2
1;901002D;Гарпун LASER BLADE, 1 флажок ø6,5mm cm.115;Salvimar;115;6,5;Для арбалета;Сталь;—;—;18,00 $;—;25,20 $;—;Подводная охота;Гарпуны;2;;;;;;;;;;;;;;;
;901002F;Гарпун LASER BLADE, 1 флажок ø6,5mm cm.130;Salvimar;130;6,5;Для арбалета;Сталь;—;—;19,00 $;—;26,60 $;—;Подводная охота;Гарпуны;;;;;;;;;;;;;;;;
;901002H;Гарпун LASER BLADE, 1 флажок ø6,5mm cm.150;Salvimar;150;6,5;Для арбалета;Сталь;—;—;20,50 $;—;28,70 $;—;Подводная охота;Гарпуны;;;;;;;;;;;;;;;;
;901003D;Aste LASER BLADE MEDITERRANEO 1 флажок ø7mm cm.115;Salvimar;115;7;Для арбалета;Сталь;—;—;20,00 $;—;28,00 $;—;Подводная охота;Гарпуны;;;;;;;;;;;;;;;;
;901003F;Aste LASER BLADE MEDITERRANEO 1 флажок ø7mm cm.130;Salvimar;130;7;Для арбалета;Сталь;—;—;21,50 $;—;30,10 $;—;Подводная охота;Гарпуны;;;;;;;;;;;;;;;;
;901003H;Aste LASER BLADE MEDITERRANEO 1 флажок ø7mm cm.150;Salvimar;150;7;Для арбалета;Сталь;—;—;23,50 $;—;32,90 $;—;Подводная охота;Гарпуны;;;;;;;;;;;;;;;;
;901003I;Aste LASER BLADE MEDITERRANEO 1 флажок ø7mm cm.160;Salvimar;160;7;Для арбалета;Сталь;—;—;24,00 $;—;33,60 $;—;Подводная охота;Гарпуны;;;;;;;;;;;;;;;;
;901003L;Aste LASER BLADE MEDITERRANEO 1 флажок ø7mm cm.170;Salvimar;170;7;Для арбалета;Сталь;—;—;25,00 $;—;35,00 $;—;Подводная охота;Гарпуны;;;;;;;;;;;;;;;;
;903110W;Гарпун WIRED 1 флажок ø6,5mm cm.110;Salvimar;110;6,5;Для арбалета;Сталь;—;—;19,40 $;—;27,16 $;—;Подводная охота;Гарпуны;;;;;;;;;;;;;;;;
;903115W;Гарпун WIRED 1 флажок ø6,5mm cm.115;Salvimar;115;6,5;Для арбалета;Сталь;—;—;20,00 $;—;28,00 $;—;Подводная охота;Гарпуны;;;;;;;;;;;;;;;;
;903120W;Гарпун WIRED 1 флажок ø6,5mm cm.120;Salvimar;120;6,5;Для арбалета;Сталь;—;—;20,40 $;—;28,56 $;—;Подводная охота;Гарпуны;;;;;;;;;;;;;;;;
;903125W;Гарпун WIRED 1 флажок ø6,5mm cm.125;Salvimar;125;6,5;Для арбалета;Сталь;—;—;20,50 $;—;28,70 $;—;Подводная охота;Гарпуны;;;;;;;;;;;;;;;;
;903130W;Гарпун WIRED 1 флажок ø6,5mm cm.130;Salvimar;130;6,5;Для арбалета;Сталь;—;—;20,80 $;—;29,12 $;—;Подводная охота;Гарпуны;;;;;;;;;;;;;;;;
;903135W;Гарпун WIRED 1 флажок ø6,5mm cm.135;Salvimar;135;6,5;Для арбалета;Сталь;—;—;21,00 $;—;29,40 $;—;Подводная охота;Гарпуны;;;;;;;;;;;;;;;;
;903140W;Гарпун WIRED 1 флажок ø6,5mm cm.140;Salvimar;140;6,5;Для арбалета;Сталь;—;—;21,20 $;—;29,68 $;—;Подводная охота;Гарпуны;;;;;;;;;;;;;;;;
;903150W;Гарпун WIRED 1 флажок ø6,5mm cm.145;Salvimar;145;6,5;Для арбалета;Сталь;—;—;21,60 $;—;30,24 $;—;Подводная охота;Гарпуны;;;;;;;;;;;;;;;;
;903160W;Гарпун WIRED 1 флажок ø6,5mm cm.150;Salvimar;150;6,5;Для арбалета;Сталь;—;—;22,10 $;—;30,94 $;—;Подводная охота;Гарпуны;;;;;;;;;;;;;;;;
;904115W;Гарпун WIRED 1 флажок ø7mm cm.115;Salvimar;115;7;Для арбалета;Сталь;—;—;20,50 $;—;28,70 $;—;Подводная охота;Гарпуны;;;;;;;;;;;;;;;;
;904130W;Гарпун WIRED 1 флажок ø7mm cm.130;Salvimar;130;7;Для арбалета;Сталь;—;—;21,00 $;—;29,40 $;—;Подводная охота;Гарпуны;;;;;;;;;;;;;;;;
;904140W;Гарпун WIRED 1 флажок ø7mm cm.140;Salvimar;140;7;Для арбалета;Сталь;—;—;22,00 $;—;30,80 $;—;Подводная охота;Гарпуны;;;;;;;;;;;;;;;;
;904150W;Гарпун WIRED 1 флажок ø7mm cm.150;Salvimar;150;7;Для арбалета;Сталь;—;—;22,40 $;—;31,36 $;—;Подводная охота;Гарпуны;;;;;;;;;;;;;;;;
;904160W;Гарпун WIRED 1 флажок ø7mm cm.160;Salvimar;160;7;Для арбалета;Сталь;—;—;23,00 $;—;32,20 $;—;Подводная охота;Гарпуны;;;;;;;;;;;;;;;;
;904170W;Гарпун WIRED 1 флажок ø7mm cm.170;Salvimar;170;7;Для арбалета;Сталь;—;—;23,80 $;—;33,32 $;—;Подводная охота;Гарпуны;;;;;;;;;;;;;;;;
;906115W75;Гарпун WIRED ATLANTIS 1 флажок ø7,5mm cm.115;Salvimar;115;7,5;Для арбалета;Сталь;—;—;22,00 $;—;30,80 $;—;Подводная охота;Гарпуны;;;;;;;;;;;;;;;;
;906130W75;Гарпун WIRED ATLANTIS 1 флажок ø7,5mm cm.130;Salvimar;130;7,5;Для арбалета;Сталь;—;—;23,00 $;—;32,20 $;—;Подводная охота;Гарпуны;;;;;;;;;;;;;;;;
;906140W75;Гарпун WIRED ATLANTIS 1 флажок ø7,5mm cm.140;Salvimar;140;7,5;Для арбалета;Сталь;—;—;24,50 $;—;34,30 $;—;Подводная охота;Гарпуны;;;;;;;;;;;;;;;;
;906150W75;Гарпун WIRED ATLANTIS 1 флажок ø7,5mm cm.150;Salvimar;150;7,5;Для арбалета;Сталь;—;—;26,00 $;—;36,40 $;—;Подводная охота;Гарпуны;;;;;;;;;;;;;;;;
;906160W75;Гарпун WIRED ATLANTIS 1 флажок ø7,5mm cm.160;Salvimar;160;7,5;Для арбалета;Сталь;—;—;27,50 $;—;38,50 $;—;Подводная охота;Гарпуны;;;;;;;;;;;;;;;;
;906170W75;Гарпун WIRED ATLANTIS 1 флажок ø7,5mm cm.170;Salvimar;170;7,5;Для арбалета;Сталь;—;—;29,00 $;—;40,60 $;—;Подводная охота;Гарпуны;;;;;;;;;;;;;;;;
;907115W80;Гарпун WIRED ATLANTIS 1 флажок ø8mm cm.115;Salvimar;115;8;Для арбалета;Сталь;—;—;23,00 $;—;32,20 $;—;Подводная охота;Гарпуны;;;;;;;;;;;;;;;;
;907130W80;Гарпун WIRED ATLANTIS 1 флажок ø8mm cm.130;Salvimar;130;8;Для арбалета;Сталь;—;—;24,00 $;—;33,60 $;—;Подводная охота;Гарпуны;;;;;;;;;;;;;;;;
;907140W80;Гарпун WIRED ATLANTIS 1 флажок ø8mm cm.140;Salvimar;140;8;Для арбалета;Сталь;—;—;25,00 $;—;35,00 $;—;Подводная охота;Гарпуны;;;;;;;;;;;;;;;;
;907150W80;Гарпун WIRED ATLANTIS 1 флажок ø8mm cm.150;Salvimar;150;8;Для арбалета;Сталь;—;—;26,00 $;—;36,40 $;—;Подводная охота;Гарпуны;;;;;;;;;;;;;;;;
;907160W80;Гарпун WIRED ATLANTIS 1 флажок ø8mm cm.160;Salvimar;160;8;Для арбалета;Сталь;—;—;27,00 $;—;37,80 $;—;Подводная охота;Гарпуны;;;;;;;;;;;;;;;;
;905145W;Гарпун WIRED ø7,0mm - с резьбой M7x1 cm 145;Salvimar;145;7;Для арбалета;Сталь;—;—;21,00 $;—;29,40 $;—;Подводная охота;Гарпуны;;;;;;;;;;;;;;;;
;905155W;Гарпун WIRED ø7,0mm - с резьбой M7x1 cm 155;Salvimar;155;7;Для арбалета;Сталь;—;—;22,00 $;—;30,80 $;—;Подводная охота;Гарпуны;;;;;;;;;;;;;;;;
;905135WA;Гарпун WIRED ø7,5mm - с резьбой M7x1 cm 135;Salvimar;135;7,5;Для арбалета;Сталь;—;—;22,00 $;—;30,80 $;—;Подводная охота;Гарпуны;;;;;;;;;;;;;;;;
;905145WA;Гарпун WIRED ø7,5mm - с резьбой M7x1 cm 145;Salvimar;145;7,5;Для арбалета;Сталь;—;—;23,00 $;—;32,20 $;—;Подводная охота;Гарпуны;;;;;;;;;;;;;;;;
;905155WA;Гарпун WIRED ø7,5mm - с резьбой M7x1 cm 155;Salvimar;155;7,5;Для арбалета;Сталь;—;—;24,00 $;—;33,60 $;—;Подводная охота;Гарпуны;;;;;;;;;;;;;;;;
;AI500;Гарпун Torsion2 SQUALO нерж.сталь 174PH Ø 6,50mm 115см;Salvimar;115;6,5;Для арбалета;Сталь;—;—;27,34 $;—;38,27 $;—;Подводная охота;Гарпуны;;;;;;;;;;;;;;;;
;AI502;Гарпун Torsion2 SQUALO нерж.сталь 174PH Ø 6,50mm 120см;Salvimar;120;6,5;Для арбалета;Сталь;—;—;27,76 $;—;38,87 $;—;Подводная охота;Гарпуны;;;;;;;;;;;;;;;;
;AI503;Гарпун Torsion2 SQUALO нерж.сталь 174PH Ø 6,50mm 125см;Salvimar;125;6,5;Для арбалета;Сталь;—;—;28,07 $;—;39,29 $;—;Подводная охота;Гарпуны;;;;;;;;;;;;;;;;
;AI505;Гарпун Torsion2 SQUALO нерж.сталь 174PH Ø 6,50mm 130см;Salvimar;130;6,5;Для арбалета;Сталь;—;—;28,37 $;—;39,72 $;—;Подводная охота;Гарпуны;;;;;;;;;;;;;;;;
;AI507;Гарпун Torsion2 SQUALO нерж.сталь 174PH Ø 6,50mm 135см;Salvimar;135;6,5;Для арбалета;Сталь;—;—;28,67 $;—;40,14 $;—;Подводная охота;Гарпуны;;;;;;;;;;;;;;;;
;AI510;Гарпун Torsion2 SQUALO нерж.сталь 174PH Ø 6,50mm 140см;Salvimar;140;6,5;Для арбалета;Сталь;—;—;28,86 $;—;40,40 $;—;Подводная охота;Гарпуны;;;;;;;;;;;;;;;;
;AI515;Гарпун Torsion2 SQUALO нерж.сталь 174PH Ø 6,50mm 150см;Salvimar;150;6,5;Для арбалета;Сталь;—;—;29,46 $;—;41,25 $;—;Подводная охота;Гарпуны;;;;;;;;;;;;;;;;
;AI520;Гарпун Torsion2 SQUALO нерж.сталь 174PH Ø 6,50mm 160см;Salvimar;160;6,5;Для арбалета;Сталь;—;—;30,07 $;—;42,10 $;—;Подводная охота;Гарпуны;;;;;;;;;;;;;;;;
;AI525;Гарпун Torsion2 SQUALO нерж.сталь 174PH Ø 6,50mm 170см;Salvimar;170;6,5;Для арбалета;Сталь;—;—;30,68 $;—;42,95 $;—;Подводная охота;Гарпуны;;;;;;;;;;;;;;;;
;AI510/80;Гарпун Torsion2 SQUALO нерж.сталь 174PH Ø 8mm 140см;Salvimar;140;8;Для арбалета;Сталь;—;—;32,20 $;—;45,08 $;—;Подводная охота;Гарпуны;;;;;;;;;;;;;;;;
;AI515/80;Гарпун Torsion2 SQUALO нерж.сталь 174PH Ø 8mm 150см;Salvimar;150;8;Для арбалета;Сталь;—;—;32,81 $;—;45,93 $;—;Подводная охота;Гарпуны;;;;;;;;;;;;;;;;
;AI520/80;Гарпун Torsion2 SQUALO нерж.сталь 174PH Ø 8mm 160см;Salvimar;160;8;Для арбалета;Сталь;—;—;33,41 $;—;46,78 $;—;Подводная охота;Гарпуны;;;;;;;;;;;;;;;;
;AI525/80;Гарпун Torsion2 SQUALO нерж.сталь 174PH Ø 8mm 170см;Salvimar;170;8;Для арбалета;Сталь;—;—;34,02 $;—;47,63 $;—;Подводная охота;Гарпуны;;;;;;;;;;;;;;;;
;AI688;Гарпун TORSION2 AIR  Ø 7,0mm нерж.сталь 174Ph 80см;Salvimar;80;7;Для ружья;Сталь;—;—;18,10 $;—;25,34 $;—;Подводная охота;Гарпуны;;;;;;;;;;;;;;;;
;AI690;Гарпун TORSION2 AIR  Ø 7,0mm нерж.сталь 174Ph 85см;Salvimar;85;7;Для ружья;Сталь;—;—;18,35 $;—;25,69 $;—;Подводная охота;Гарпуны;;;;;;;;;;;;;;;;
;AI200;Гарпун SQUALO нерж сталь 174Ph, 6,5мм, 1 флажoк, 115см;Salvimar;115;6,5;Для арбалета;Сталь;—;—;16,43 $;—;23,00 $;—;Подводная охота;Гарпуны;;;;;;;;;;;;;;;;
;AI202;Гарпун SQUALO нерж сталь 174Ph, 6,5мм, 1 флажoк, 120см;Salvimar;120;6,5;Для арбалета;Сталь;—;—;16,75 $;—;23,46 $;—;Подводная охота;Гарпуны;;;;;;;;;;;;;;;;
;AI204;Гарпун SQUALO нерж сталь 174Ph, 6,5мм, 1 флажoк, 125см;Salvimar;125;6,5;Для арбалета;Сталь;—;—;17,14 $;—;24,00 $;—;Подводная охота;Гарпуны;;;;;;;;;;;;;;;;
;AI205;Гарпун SQUALO нерж сталь 174Ph, 6,5мм, 1 флажoк, 130см;Salvimar;130;6,5;Для арбалета;Сталь;—;—;17,47 $;—;24,45 $;—;Подводная охота;Гарпуны;;;;;;;;;;;;;;;;
;AI206;Гарпун SQUALO нерж сталь 174Ph, 6,5мм, 1 флажoк, 135см;Salvimar;135;6,5;Для арбалета;Сталь;—;—;17,85 $;—;25,00 $;—;Подводная охота;Гарпуны;;;;;;;;;;;;;;;;
;AI210;Гарпун SQUALO нерж сталь 174Ph, 6,5мм, 1 флажoк, 140см;Salvimar;140;6,5;Для арбалета;Сталь;—;—;18,18 $;—;25,45 $;—;Подводная охота;Гарпуны;;;;;;;;;;;;;;;;
;AI215;Гарпун SQUALO нерж сталь 174Ph, 6,5мм, 1 флажoк, 150см;Salvimar;150;6,5;Для арбалета;Сталь;—;—;18,89 $;—;26,44 $;—;Подводная охота;Гарпуны;;;;;;;;;;;;;;;;
;AI220;Гарпун SQUALO нерж сталь 174Ph, 6,5мм, 1 флажoк, 160см;Salvimar;160;6,5;Для арбалета;Сталь;—;—;19,60 $;—;27,44 $;—;Подводная охота;Гарпуны;;;;;;;;;;;;;;;;
;AI406/625;Гарпун BLADE нерж.сталь 174Ph Ø 6,25mm, 1 флажок, 105см;Salvimar;105;6,25;Для арбалета;Сталь;—;—;15,40 $;—;21,55 $;—;Подводная охота;Гарпуны;;;;;;;;;;;;;;;;
;AI408/625;Гарпун BLADE нерж.сталь 174Ph Ø 6,25mm, 1 флажок, 110см;Salvimar;110;6,25;Для арбалета;Сталь;—;—;15,40 $;—;21,55 $;—;Подводная охота;Гарпуны;;;;;;;;;;;;;;;;
;AI410/625;Гарпун BLADE нерж.сталь 174Ph Ø 6,25mm, 1 флажок, 115см;Salvimar;115;6,25;Для арбалета;Сталь;—;—;15,85 $;—;22,19 $;—;Подводная охота;Гарпуны;;;;;;;;;;;;;;;;
;AI412/625;Гарпун BLADE нерж.сталь 174Ph Ø 6,25mm, 1 флажок, 120см;Salvimar;120;6,25;Для арбалета;Сталь;—;—;16,17 $;—;22,64 $;—;Подводная охота;Гарпуны;;;;;;;;;;;;;;;;
;AI414/625;Гарпун BLADE нерж.сталь 174Ph Ø 6,25mm, 1 флажок, 125см;Salvimar;125;6,25;Для арбалета;Сталь;—;—;16,37 $;—;22,91 $;—;Подводная охота;Гарпуны;;;;;;;;;;;;;;;;
;AI415/625;Гарпун BLADE нерж.сталь 174Ph Ø 6,25mm, 1 флажок, 130см;Salvimar;130;6,25;Для арбалета;Сталь;—;—;16,69 $;—;23,37 $;—;Подводная охота;Гарпуны;;;;;;;;;;;;;;;;
;AI418/625;Гарпун BLADE нерж.сталь 174Ph Ø 6,25mm, 1 флажок, 135см;Salvimar;135;6,25;Для арбалета;Сталь;—;—;17,01 $;—;23,82 $;—;Подводная охота;Гарпуны;;;;;;;;;;;;;;;;
;AI420/625;Гарпун BLADE нерж.сталь 174Ph Ø 6,25mm, 1 флажок, 140см;Salvimar;140;6,25;Для арбалета;Сталь;—;—;17,34 $;—;24,27 $;—;Подводная охота;Гарпуны;;;;;;;;;;;;;;;;
;AI425/625;Гарпун BLADE нерж.сталь 174Ph Ø 6,25mm, 1 флажок, 150см;Salvimar;150;6,25;Для арбалета;Сталь;—;—;17,60 $;—;24,64 $;—;Подводная охота;Гарпуны;;;;;;;;;;;;;;;;
;AI430/625;Гарпун BLADE нерж.сталь 174Ph Ø 6,25mm, 1 флажок, 160см;Salvimar;160;6,25;Для арбалета;Сталь;—;—;18,20 $;—;25,48 $;—;Подводная охота;Гарпуны;;;;;;;;;;;;;;;;
;AI406;Гарпун BLADE нерж.сталь 174Ph Ø 6,5mm, 1 флажок, 105см;Salvimar;105;6,5;Для арбалета;Сталь;—;—;15,72 $;—;22,01 $;—;Подводная охота;Гарпуны;;;;;;;;;;;;;;;;
;AI408;Гарпун BLADE нерж.сталь 174Ph Ø 6,5mm, 1 флажок, 110см;Salvimar;110;6,5;Для арбалета;Сталь;—;—;16,04 $;—;22,46 $;—;Подводная охота;Гарпуны;;;;;;;;;;;;;;;;
;AI410;Гарпун BLADE нерж.сталь 174Ph Ø 6,5mm, 1 флажок, 115см;Salvimar;115;6,5;Для арбалета;Сталь;—;—;16,43 $;—;23,00 $;—;Подводная охота;Гарпуны;;;;;;;;;;;;;;;;
;AI412;Гарпун BLADE нерж.сталь 174Ph Ø 6,5mm, 1 флажок, 120см;Salvimar;120;6,5;Для арбалета;Сталь;—;—;16,75 $;—;23,46 $;—;Подводная охота;Гарпуны;;;;;;;;;;;;;;;;
;AI414;Гарпун BLADE нерж.сталь 174Ph Ø 6,5mm, 1 флажок, 125см;Salvimar;125;6,5;Для арбалета;Сталь;—;—;17,14 $;—;24,00 $;—;Подводная охота;Гарпуны;;;;;;;;;;;;;;;;
;AI415;Гарпун BLADE нерж.сталь 174Ph Ø 6,5mm, 1 флажок, 130см;Salvimar;130;6,5;Для арбалета;Сталь;—;—;17,47 $;—;24,45 $;—;Подводная охота;Гарпуны;;;;;;;;;;;;;;;;
;AI418;Гарпун BLADE нерж.сталь 174Ph Ø 6,5mm, 1 флажок, 135см;Salvimar;135;6,5;Для арбалета;Сталь;—;—;17,85 $;—;25,00 $;—;Подводная охота;Гарпуны;;;;;;;;;;;;;;;;
;AI420;Гарпун BLADE нерж.сталь 174Ph Ø 6,5mm, 1 флажок, 140см;Salvimar;140;6,5;Для арбалета;Сталь;—;—;18,18 $;—;25,45 $;—;Подводная охота;Гарпуны;;;;;;;;;;;;;;;;
;AI425;Гарпун BLADE нерж.сталь 174Ph Ø 6,5mm, 1 флажок, 150см;Salvimar;150;6,5;Для арбалета;Сталь;—;—;18,89 $;—;26,44 $;—;Подводная охота;Гарпуны;;;;;;;;;;;;;;;;
;AI430;Гарпун BLADE нерж.сталь 174Ph Ø 6,5mm, 1 флажок, 160см;Salvimar;160;6,5;Для арбалета;Сталь;—;—;19,60 $;—;27,44 $;—;Подводная охота;Гарпуны;;;;;;;;;;;;;;;;
;AH098/SP05;Гарпун таитянский нерж сталь 174Ph, 6мм, 1 флажок, 85см;Salvimar;85;6;Для арбалета;Сталь;—;—;10,29 $;—;14,40 $;—;Подводная охота;Гарпуны;;;;;;;;;;;;;;;;
;AH098/SP06;Гарпун таитянский нерж сталь 174Ph, 6мм, 1 флажок, 95см;Salvimar;95;6;Для арбалета;Сталь;—;—;10,87 $;—;15,21 $;—;Подводная охота;Гарпуны;;;;;;;;;;;;;;;;
;AH098/SP07;Гарпун таитянский нерж сталь 174Ph, 6мм, 1 флажок, 105см;Salvimar;105;6;Для арбалета;Сталь;—;—;11,51 $;—;16,12 $;—;Подводная охота;Гарпуны;;;;;;;;;;;;;;;;
;AH098/SP09;Гарпун таитянский нерж сталь 174Ph, 6мм, 1 флажок, 110см;Salvimar;110;6;Для арбалета;Сталь;—;—;11,77 $;—;16,48 $;—;Подводная охота;Гарпуны;;;;;;;;;;;;;;;;
;AH098/SP10;Гарпун таитянский нерж сталь 174Ph, 6мм, 1 флажок, 115см;Salvimar;115;6;Для арбалета;Сталь;—;—;12,10 $;—;16,94 $;—;Подводная охота;Гарпуны;;;;;;;;;;;;;;;;
;AH098/SP12;Гарпун таитянский нерж сталь 174Ph, 6мм, 1 флажок, 120см;Salvimar;120;6;Для арбалета;Сталь;—;—;12,68 $;—;17,75 $;—;Подводная охота;Гарпуны;;;;;;;;;;;;;;;;
;AH098/SP14;Гарпун таитянский нерж сталь 174Ph, 6мм, 1 флажок, 125см;Salvimar;125;6;Для арбалета;Сталь;—;—;13,00 $;—;18,20 $;—;Подводная охота;Гарпуны;;;;;;;;;;;;;;;;
;AH098/SP15;Гарпун таитянский нерж сталь 174Ph, 6мм, 1 флажок, 130см;Salvimar;130;6;Для арбалета;Сталь;—;—;13,29 $;—;18,61 $;—;Подводная охота;Гарпуны;;;;;;;;;;;;;;;;
;AH098/SP16;Гарпун таитянский нерж сталь 174Ph, 6мм, 1 флажок, 135см;Salvimar;135;6;Для арбалета;Сталь;—;—;13,58 $;—;19,02 $;—;Подводная охота;Гарпуны;;;;;;;;;;;;;;;;
;AH098/SP20;Гарпун таитянский нерж сталь 174Ph, 6мм, 1 флажок, 140см;Salvimar;140;6;Для арбалета;Сталь;—;—;13,91 $;—;19,47 $;—;Подводная охота;Гарпуны;;;;;;;;;;;;;;;;
;AH098/SP25;Гарпун таитянский нерж сталь 174Ph, 6мм, 1 флажок, 150см;Salvimar;150;6;Для арбалета;Сталь;—;—;14,23 $;—;19,92 $;—;Подводная охота;Гарпуны;;;;;;;;;;;;;;;;
;AH099/SP05;Гарпун таитянский нерж сталь 174Ph, 6,25мм, 1 флажок, 85см;Salvimar;85;6,25;Для арбалета;Сталь;—;—;10,87 $;—;15,21 $;—;Подводная охота;Гарпуны;;;;;;;;;;;;;;;;
;AH099/SP06;Гарпун таитянский нерж сталь 174Ph, 6,25мм, 1 флажок, 95см;Salvimar;95;6,25;Для арбалета;Сталь;—;—;11,45 $;—;16,03 $;—;Подводная охота;Гарпуны;;;;;;;;;;;;;;;;
;AH099/SP07;Гарпун таитянский нерж сталь 174Ph, 6,25мм, 1 флажок, 105см;Salvimar;105;6,25;Для арбалета;Сталь;—;—;12,10 $;—;16,94 $;—;Подводная охота;Гарпуны;;;;;;;;;;;;;;;;
;AH099/SP08;Гарпун таитянский нерж сталь 174Ph, 6,25мм, 1 флажок, 110см;Salvimar;110;6,25;Для арбалета;Сталь;—;—;12,45 $;—;17,43 $;—;Подводная охота;Гарпуны;;;;;;;;;;;;;;;;
;AH099/SP10;Гарпун таитянский нерж сталь 174Ph, 6,25мм, 1 флажок, 115см;Salvimar;115;6,25;Для арбалета;Сталь;—;—;12,81 $;—;17,93 $;—;Подводная охота;Гарпуны;;;;;;;;;;;;;;;;
;AH099/SP12;Гарпун таитянский нерж сталь 174Ph, 6,25мм, 1 флажок, 120см;Salvimar;120;6,25;Для арбалета;Сталь;—;—;13,13 $;—;18,38 $;—;Подводная охота;Гарпуны;;;;;;;;;;;;;;;;
;AH099/SP14;Гарпун таитянский нерж сталь 174Ph, 6,25мм, 1 флажок, 125см;Salvimar;125;6,25;Для арбалета;Сталь;—;—;13,46 $;—;18,84 $;—;Подводная охота;Гарпуны;;;;;;;;;;;;;;;;
;AH099/SP15;Гарпун таитянский нерж сталь 174Ph, 6,25мм, 1 флажок, 130см;Salvimar;130;6,25;Для арбалета;Сталь;—;—;13,78 $;—;19,29 $;—;Подводная охота;Гарпуны;;;;;;;;;;;;;;;;
;AH099/SP16;Гарпун таитянский нерж сталь 174Ph, 6,25мм, 1 флажок, 135см;Salvimar;135;6,25;Для арбалета;Сталь;—;—;14,10 $;—;19,74 $;—;Подводная охота;Гарпуны;;;;;;;;;;;;;;;;
;AH099/SP20;Гарпун таитянский нерж сталь 174Ph, 6,25мм, 1 флажок, 140см;Salvimar;140;6,25;Для арбалета;Сталь;—;—;14,43 $;—;20,20 $;—;Подводная охота;Гарпуны;;;;;;;;;;;;;;;;
;AH099/SP25;Гарпун таитянский нерж сталь 174Ph, 6,25мм, 1 флажок, 150см;Salvimar;150;6,25;Для арбалета;Сталь;—;—;15,07 $;—;21,10 $;—;Подводная охота;Гарпуны;;;;;;;;;;;;;;;;
;AH180;Гарпун таитянский нерж сталь 174Ph, 6,5мм, 1 флажок, 85см;Salvimar;85;6,5;Для арбалета;Сталь;—;—;11,39 $;—;15,94 $;—;Подводная охота;Гарпуны;;;;;;;;;;;;;;;;
;AH181;Гарпун таитянский нерж сталь 174Ph, 6,5мм, 1 флажок, 95см;Salvimar;95;6,5;Для арбалета;Сталь;—;—;12,10 $;—;16,94 $;—;Подводная охота;Гарпуны;;;;;;;;;;;;;;;;
;AH182;Гарпун таитянский нерж сталь 174Ph, 6,5мм, 1 флажок, 105см;Salvimar;105;6,5;Для арбалета;Сталь;—;—;12,81 $;—;17,93 $;—;Подводная охота;Гарпуны;;;;;;;;;;;;;;;;
;AH184;Гарпун таитянский нерж сталь 174Ph, 6,5мм, 1 флажок, 110см;Salvimar;110;6,5;Для арбалета;Сталь;—;—;13,13 $;—;18,38 $;—;Подводная охота;Гарпуны;;;;;;;;;;;;;;;;
;AH195;Гарпун таитянский нерж сталь 174Ph, 6,5мм, 1 флажок, 115см;Salvimar;115;6,5;Для арбалета;Сталь;—;—;13,46 $;—;18,84 $;—;Подводная охота;Гарпуны;;;;;;;;;;;;;;;;
;AH195/1;Гарпун таитянский нерж сталь 174Ph, 6,5мм, 1 флажок, 120см;Salvimar;120;6,5;Для арбалета;Сталь;—;—;13,84 $;—;19,38 $;—;Подводная охота;Гарпуны;;;;;;;;;;;;;;;;
;AH195/2;Гарпун таитянский нерж сталь 174Ph, 6,5мм, 1 флажок, 125см;Salvimar;125;6,5;Для арбалета;Сталь;—;—;14,23 $;—;19,92 $;—;Подводная охота;Гарпуны;;;;;;;;;;;;;;;;
;AH196;Гарпун таитянский нерж сталь 174Ph, 6,5мм, 1 флажок, 130см;Salvimar;130;6,5;Для арбалета;Сталь;—;—;14,55 $;—;20,38 $;—;Подводная охота;Гарпуны;;;;;;;;;;;;;;;;
;AH196/1;Гарпун таитянский нерж сталь 174Ph, 6,5мм, 1 флажок, 135см;Salvimar;135;6,5;Для арбалета;Сталь;—;—;14,88 $;—;20,83 $;—;Подводная охота;Гарпуны;;;;;;;;;;;;;;;;
;AH197;Гарпун таитянский нерж сталь 174Ph, 6,5мм, 1 флажок, 140см;Salvimar;140;6,5;Для арбалета;Сталь;—;—;15,27 $;—;21,37 $;—;Подводная охота;Гарпуны;;;;;;;;;;;;;;;;
;AH198;Гарпун таитянский нерж сталь 174Ph, 6,5мм, 1 флажок, 150см;Salvimar;150;6,5;Для арбалета;Сталь;—;—;15,98 $;—;22,37 $;—;Подводная охота;Гарпуны;;;;;;;;;;;;;;;;
;AH200;Гарпун таитянский нерж сталь 174Ph, 6,5мм, 1 флажок, 160см;Salvimar;160;6,5;Для арбалета;Сталь;—;—;16,82 $;—;23,55 $;—;Подводная охота;Гарпуны;;;;;;;;;;;;;;;;
;AG879;Гарпуны таитянские нерж.сталь 174Ph 6,5мм с резьбой М7Х1, 60 см;Salvimar;60;6,5;Для арбалета;Сталь;—;—;8,41 $;—;11,77 $;—;Подводная охота;Гарпуны;;;;;;;;;;;;;;;;
;AG880;Гарпуны таитянские нерж.сталь 174Ph 6,5мм с резьбой М7Х1, 68 см;Salvimar;68;6,5;Для арбалета;Сталь;—;—;8,93 $;—;12,50 $;—;Подводная охота;Гарпуны;;;;;;;;;;;;;;;;
;AG882;Гарпуны таитянские нерж.сталь 174Ph 6,5мм с резьбой М7Х1, 75 см;Salvimar;75;6,5;Для арбалета;Сталь;—;—;9,38 $;—;13,13 $;—;Подводная охота;Гарпуны;;;;;;;;;;;;;;;;
;AG885;Гарпуны таитянские нерж.сталь 174Ph 6,5мм с резьбой М7Х1, 80 см;Salvimar;80;6,5;Для арбалета;Сталь;—;—;9,77 $;—;13,67 $;—;Подводная охота;Гарпуны;;;;;;;;;;;;;;;;
;AG886;Гарпуны таитянские нерж.сталь 174Ph 6,5мм с резьбой М7Х1, 85 см;Salvimar;85;6,5;Для арбалета;Сталь;—;—;10,16 $;—;14,22 $;—;Подводная охота;Гарпуны;;;;;;;;;;;;;;;;
;AG887;Гарпуны таитянские нерж.сталь 174Ph 6,5мм с резьбой М7Х1, 97 см;Salvimar;97;6,5;Для арбалета;Сталь;—;—;11,00 $;—;15,40 $;—;Подводная охота;Гарпуны;;;;;;;;;;;;;;;;
;AG890;Гарпуны таитянские нерж.сталь 174Ph 6,5мм с резьбой М7Х1, 110 см;Salvimar;110;6,5;Для арбалета;Сталь;—;—;11,90 $;—;16,66 $;—;Подводная охота;Гарпуны;;;;;;;;;;;;;;;;
;AG892;Гарпуны таитянские нерж.сталь 174Ph 6,5мм с резьбой М7Х1, 125 см;Salvimar;125;6,5;Для арбалета;Сталь;—;—;12,94 $;—;18,11 $;—;Подводная охота;Гарпуны;;;;;;;;;;;;;;;;
;AG894;Гарпуны таитянские нерж.сталь 174Ph 6,5мм с резьбой М7Х1, 135 см;Salvimar;135;6,5;Для арбалета;Сталь;—;—;13,58 $;—;19,02 $;—;Подводная охота;Гарпуны;;;;;;;;;;;;;;;;
;AI008;Гарпун SQUALO нерж сталь SANDVIK, 6,5мм, 1 флажок, 105см;Salvimar;105;6,5;Для арбалета;Сталь;—;—;23,29 $;—;32,60 $;—;Подводная охота;Гарпуны;;;;;;;;;;;;;;;;
;AI010;Гарпун SQUALO нерж сталь SANDVIK, 6,5мм, 1 флажок, 115см;Salvimar;115;6,5;Для арбалета;Сталь;—;—;23,93 $;—;33,51 $;—;Подводная охота;Гарпуны;;;;;;;;;;;;;;;;
;AI015;Гарпун SQUALO нерж сталь SANDVIK, 6,5мм, 1 флажок, 130см;Salvimar;130;6,5;Для арбалета;Сталь;—;—;25,23 $;—;35,32 $;—;Подводная охота;Гарпуны;;;;;;;;;;;;;;;;
;AI020;Гарпун SQUALO нерж сталь SANDVIK, 6,5мм, 1 флажок, 140см;Salvimar;140;6,5;Для арбалета;Сталь;—;—;25,88 $;—;36,23 $;—;Подводная охота;Гарпуны;;;;;;;;;;;;;;;;
;AI025;Гарпун SQUALO нерж сталь SANDVIK, 6,5мм, 1 флажок, 150см;Salvimar;150;6,5;Для арбалета;Сталь;—;—;26,52 $;—;37,13 $;—;Подводная охота;Гарпуны;;;;;;;;;;;;;;;;
;AI030;Гарпун SQUALO нерж сталь SANDVIK, 6,5мм, 1 флажок, 160см;Salvimar;160;6,5;Для арбалета;Сталь;—;—;27,49 $;—;38,49 $;—;Подводная охота;Гарпуны;;;;;;;;;;;;;;;;
;AI045;Гарпун SQUALO нерж сталь SANDVIK, 7мм, 1 флажок, 115см;Salvimar;115;7;Для арбалета;Сталь;—;—;25,55 $;—;35,77 $;—;Подводная охота;Гарпуны;;;;;;;;;;;;;;;;
;AI050;Гарпун SQUALO нерж сталь SANDVIK, 7мм, 1 флажок, 130см;Salvimar;130;7;Для арбалета;Сталь;—;—;26,78 $;—;37,49 $;—;Подводная охота;Гарпуны;;;;;;;;;;;;;;;;
;AI055;Гарпун SQUALO нерж сталь SANDVIK, 7мм, 1 флажок, 140см;Salvimar;140;7;Для арбалета;Сталь;—;—;27,62 $;—;38,67 $;—;Подводная охота;Гарпуны;;;;;;;;;;;;;;;;
;AI060;Гарпун SQUALO нерж сталь SANDVIK, 7мм, 1 флажок, 150см;Salvimar;150;7;Для арбалета;Сталь;—;—;28,46 $;—;39,85 $;—;Подводная охота;Гарпуны;;;;;;;;;;;;;;;;
;AI065;Гарпун SQUALO нерж сталь SANDVIK, 7мм, 1 флажок, 160см;Salvimar;160;7;Для арбалета;Сталь;—;—;29,24 $;—;40,93 $;—;Подводная охота;Гарпуны;;;;;;;;;;;;;;;;
;AI070;Гарпун SQUALO нерж сталь SANDVIK, 7мм, 1 флажок, 170см;Salvimar;170;7;Для арбалета;Сталь;—;—;30,08 $;—;42,11 $;—;Подводная охота;Гарпуны;;;;;;;;;;;;;;;;
;AH005;Гарпун таитянский нерж сталь Сандвик 6,25мм, один флажок, 85см;Salvimar;85;6,25;Для арбалета;Сталь;—;—;11,85 $;—;16,58 $;—;Подводная охота;Гарпуны;;;;;;;;;;;;;;;;
;AH010;Гарпун таитянский нерж сталь Сандвик 6,25мм, один флажок, 95см;Salvimar;95;6,25;Для арбалета;Сталь;—;—;12,27 $;—;17,18 $;—;Подводная охота;Гарпуны;;;;;;;;;;;;;;;;
;AH015;Гарпун таитянский нерж сталь Сандвик 6,25мм, один флажок,105см;Salvimar;105;6,25;Для арбалета;Сталь;—;—;12,76 $;—;17,86 $;—;Подводная охота;Гарпуны;;;;;;;;;;;;;;;;
;AH020;Гарпун таитянский нерж сталь Сандвик 6,25мм, один флажок, 115см;Salvimar;115;6,25;Для арбалета;Сталь;—;—;13,18 $;—;18,46 $;—;Подводная охота;Гарпуны;;;;;;;;;;;;;;;;
;AH025;Гарпун таитянский нерж сталь Сандвик 6,25мм, один флажок, 125см;Salvimar;125;6,25;Для арбалета;Сталь;—;—;13,67 $;—;19,14 $;—;Подводная охота;Гарпуны;;;;;;;;;;;;;;;;
;AH026;Гарпун таитянский нерж сталь Сандвик 6,25мм, один флажок, 135см;Salvimar;135;6,25;Для арбалета;Сталь;—;—;14,09 $;—;19,73 $;—;Подводная охота;Гарпуны;;;;;;;;;;;;;;;;
;AH027;Гарпун таитянский нерж сталь Сандвик 6,25мм, один флажок, 145см;Salvimar;145;6,25;Для арбалета;Сталь;—;—;14,58 $;—;20,41 $;—;Подводная охота;Гарпуны;;;;;;;;;;;;;;;;
;AH029;Гарпун таитянский нерж сталь Сандвик 6,25мм, один флажок, 160см;Salvimar;160;6,25;Для арбалета;Сталь;—;—;15,25 $;—;21,35 $;—;Подводная охота;Гарпуны;;;;;;;;;;;;;;;;
;AH050;Гарпун таитянский нерж сталь Сандвик 6,5мм, 1 флажок, 85см;Salvimar;85;6,5;Для арбалета;Сталь;—;—;16,17 $;—;22,64 $;—;Подводная охота;Гарпуны;;;;;;;;;;;;;;;;
;AH055;Гарпун таитянский нерж сталь Сандвик 6,5мм, один флажок, 95см;Salvimar;95;6,5;Для арбалета;Сталь;—;—;16,82 $;—;23,55 $;—;Подводная охота;Гарпуны;;;;;;;;;;;;;;;;
;AH060;Гарпун таитянский нерж сталь Сандвик 6,5мм, один флажок, 105см;Salvimar;105;6,5;Для арбалета;Сталь;—;—;17,47 $;—;24,45 $;—;Подводная охота;Гарпуны;;;;;;;;;;;;;;;;
;AH065;Гарпун таитянский нерж сталь Сандвик 6,5мм, один флажок, 115см;Salvimar;115;6,5;Для арбалета;Сталь;—;—;18,11 $;—;25,36 $;—;Подводная охота;Гарпуны;;;;;;;;;;;;;;;;
;AH070;Гарпун таитянский нерж сталь Сандвик 6,5мм, один флажок, 125см;Salvimar;125;6,5;Для арбалета;Сталь;—;—;18,76 $;—;26,26 $;—;Подводная охота;Гарпуны;;;;;;;;;;;;;;;;
;AH071;Гарпун таитянский нерж сталь Сандвик 6,5мм, один флажок, 135см;Salvimar;135;6,5;Для арбалета;Сталь;—;—;19,41 $;—;27,17 $;—;Подводная охота;Гарпуны;;;;;;;;;;;;;;;;
;AH072;Гарпун таитянский нерж сталь Сандвик 6,5мм, один флажок, 145см;Salvimar;145;6,5;Для арбалета;Сталь;—;—;20,38 $;—;28,53 $;—;Подводная охота;Гарпуны;;;;;;;;;;;;;;;;
;AH073;Гарпун таитянский нерж сталь Сандвик 6,5мм, один флажок, 160см;Salvimar;160;6,5;Для арбалета;Сталь;—;—;21,02 $;—;29,43 $;—;Подводная охота;Гарпуны;;;;;;;;;;;;;;;;
;AG305;Гарпун таитянский, нерж.сталь 174 ph, 60 см, для Cyrano 550;Salvimar;60;7;Для ружья;Сталь;—;—;11,26 $;—;15,76 $;—;Подводная охота;Гарпуны;;;;;;;;;;;;;;;;
;AG315;Гарпун таитянский, нерж.сталь 174 ph, 75 см, для Cyrano 700;Salvimar;75;7;Для ружья;Сталь;—;—;11,64 $;—;16,30 $;—;Подводная охота;Гарпуны;;;;;;;;;;;;;;;;
;AG317;Гарпун таитянский, нерж.сталь 174 ph, 85 см, для Cyrano 700;Salvimar;85;7;Для ружья;Сталь;—;—;11,97 $;—;16,75 $;—;Подводная охота;Гарпуны;;;;;;;;;;;;;;;;
;AG330;Гарпун таитянский, нерж.сталь 174 ph, 90см, для Cyrano 850;Salvimar;90;7;Для ружья;Сталь;—;—;12,29 $;—;17,21 $;—;Подводная охота;Гарпуны;;;;;;;;;;;;;;;;
;AG340;Гарпун таитянский, нерж.сталь 174 ph, 105см, для Cyrano 970;Salvimar;105;7;Для ружья;Сталь;—;—;13,97 $;—;19,56 $;—;Подводная охота;Гарпуны;;;;;;;;;;;;;;;;
;AG205;Гарпун, нерж.сталь, для Cyrano 550;Salvimar;55;7;Для ружья;Сталь;—;—;6,08 $;—;8,51 $;—;Подводная охота;Гарпуны;;;;;;;;;;;;;;;;
;AG215;Гарпун, нерж.сталь, для Cyrano 700;Salvimar;70;7;Для ружья;Сталь;—;—;7,09 $;—;9,92 $;—;Подводная охота;Гарпуны;;;;;;;;;;;;;;;;
;AG225;Гарпун, нерж.сталь, для Cyrano 850;Salvimar;85;7;Для ружья;Сталь;—;—;7,76 $;—;10,87 $;—;Подводная охота;Гарпуны;;;;;;;;;;;;;;;;
;AG235;Гарпун, нерж.сталь, для Cyrano 970;Salvimar;97;7;Для ружья;Сталь;—;—;8,51 $;—;11,91 $;—;Подводная охота;Гарпуны;;;;;;;;;;;;;;;;
;AG245;Гарпун, нерж.сталь, для Cyrano 1100;Salvimar;110;7;Для ружья;Сталь;—;—;9,25 $;—;12,95 $;—;Подводная охота;Гарпуны;;;;;;;;;;;;;;;;
;AG200;Гарпун, гальванизированная сталь, для Cyrano 550;Salvimar;55;7;Для ружья;Сталь;—;—;5,38 $;—;7,53 $;—;Подводная охота;Гарпуны;;;;;;;;;;;;;;;;
;AG210;Гарпун, гальванизированная сталь, для Cyrano 700;Salvimar;70;7;Для ружья;Сталь;—;—;5,66 $;—;7,92 $;—;Подводная охота;Гарпуны;;;;;;;;;;;;;;;;
;AG220;Гарпун, гальванизированная сталь, для Cyrano 850;Salvimar;85;7;Для ружья;Сталь;—;—;5,87 $;—;8,21 $;—;Подводная охота;Гарпуны;;;;;;;;;;;;;;;;
;AG230;Гарпун, гальванизированная сталь, для Cyrano 970;Salvimar;97;7;Для ружья;Сталь;—;—;6,14 $;—;8,60 $;—;Подводная охота;Гарпуны;;;;;;;;;;;;;;;;
;AG240;Гарпун, гальванизированная сталь, для Cyrano 1100;Salvimar;110;7;Для ружья;Сталь;—;—;6,42 $;—;8,98 $;—;Подводная охота;Гарпуны;;;;;;;;;;;;;;;;
;AG003;Гарпун, нерж.сталь, для Miniministen (40);Salvimar;40;7;Для ружья;Сталь;—;—;5,73 $;—;8,02 $;—;Подводная охота;Гарпуны;;;;;;;;;;;;;;;;
;AG007;Гарпун, нерж.сталь, для Ministen (58);Salvimar;58;7;Для ружья;Сталь;—;—;6,56 $;—;9,18 $;—;Подводная охота;Гарпуны;;;;;;;;;;;;;;;;
;AG011;Гарпун, нерж.сталь, для Medisten (70);Salvimar;70;7;Для ружья;Сталь;—;—;7,31 $;—;10,24 $;—;Подводная охота;Гарпуны;;;;;;;;;;;;;;;;
;AG015;Гарпун, нерж.сталь, для Mirage;Salvimar;—;8;Для ружья;Сталь;—;—;7,87 $;—;11,01 $;—;Подводная охота;Гарпуны;;;;;;;;;;;;;;;;
;AG019;Гарпун, нерж.сталь, для Sten;Salvimar;—;8;Для ружья;Сталь;—;—;8,49 $;—;11,88 $;—;Подводная охота;Гарпуны;;;;;;;;;;;;;;;;
;AG023;Гарпун, нерж.сталь, для Supersten;Salvimar;—;8;Для ружья;Сталь;—;—;10,01 $;—;14,01 $;—;Подводная охота;Гарпуны;;;;;;;;;;;;;;;;
;AG027;Гарпун, нерж.сталь, для Sten115;Salvimar;—;8;Для ружья;Сталь;—;—;10,70 $;—;14,97 $;—;Подводная охота;Гарпуны;;;;;;;;;;;;;;;;
;AG001;Гарпун, гальванизированная сталь, для Miniministen (40);Salvimar;40;8;Для ружья;Сталь;—;—;4,28 $;—;5,99 $;—;Подводная охота;Гарпуны;;;;;;;;;;;;;;;;
;AG005;Гарпун, гальванизированная сталь, для Ministen (58);Salvimar;58;8;Для ружья;Сталь;—;—;4,62 $;—;6,47 $;—;Подводная охота;Гарпуны;;;;;;;;;;;;;;;;
;AG009;Гарпун, гальванизированная сталь, для Medisten (70);Salvimar;70;8;Для ружья;Сталь;—;—;4,97 $;—;6,96 $;—;Подводная охота;Гарпуны;;;;;;;;;;;;;;;;
;AG013;Гарпун, гальванизированная сталь, для Mirage;Salvimar;—;8;Для ружья;Сталь;—;—;5,18 $;—;7,25 $;—;Подводная охота;Гарпуны;;;;;;;;;;;;;;;;
;AG017;Гарпун, гальванизированная сталь, для Sten;Salvimar;—;8;Для ружья;Сталь;—;—;5,38 $;—;7,53 $;—;Подводная охота;Гарпуны;;;;;;;;;;;;;;;;
;AG021;Гарпун, гальванизированная сталь, для Supersten;Salvimar;—;8;Для ружья;Сталь;—;—;5,87 $;—;8,21 $;—;Подводная охота;Гарпуны;;;;;;;;;;;;;;;;
;AG025;Гарпун, гальванизированная сталь, для Sten115;Salvimar;—;8;Для ружья;Сталь;—;—;6,21 $;—;8,69 $;—;Подводная охота;Гарпуны;;;;;;;;;;;;;;;;
;AG055;Гарпун Asso30 нерж.сталь;Salvimar;30;8;Для ружья;Сталь;—;—;4,97 $;—;6,96 $;—;Подводная охота;Гарпуны;;;;;;;;;;;;;;;;
;AG065;Гарпун Asso40-SL40 нерж.сталь;Salvimar;40;8;Для ружья;Сталь;—;—;5,73 $;—;8,02 $;—;Подводная охота;Гарпуны;;;;;;;;;;;;;;;;
;AG075;Гарпун Asso50-SL55 нерж.сталь;Salvimar;55;8;Для ружья;Сталь;—;—;6,56 $;—;9,18 $;—;Подводная охота;Гарпуны;;;;;;;;;;;;;;;;
;AG085;Гарпун Asso65-SL70 нерж.сталь;Salvimar;70;8;Для ружья;Сталь;—;—;7,31 $;—;10,24 $;—;Подводная охота;Гарпуны;;;;;;;;;;;;;;;;
;AG130;Гарпун  SL40 гальванизированная сталь;Salvimar;40;8;Для ружья;Сталь;—;—;4,28 $;—;5,99 $;—;Подводная охота;Гарпуны;;;;;;;;;;;;;;;;
;AG140;Гарпун  SL55 гальванизированная сталь;Salvimar;55;8;Для ружья;Сталь;—;—;4,62 $;—;6,47 $;—;Подводная охота;Гарпуны;;;;;;;;;;;;;;;;
;AG150;Гарпун  SL70 гальванизированная сталь;Salvimar;70;8;Для ружья;Сталь;—;—;4,97 $;—;6,96 $;—;Подводная охота;Гарпуны;;;;;;;;;;;;;;;;
;AG170;Гарпун  SL100 гальванизированная сталь;Salvimar;100;8;Для ружья;Сталь;—;—;6,00 $;—;8,40 $;—;Подводная охота;Гарпуны;;;;;;;;;;;;;;;;
;AX500/7;"Гарпун ""Зелинка"" с резьбой, нерж. сталь 174 ph ø7,0mm 55 см (без скольз.втулки)";Salvimar;55;7;Для ружья;Сталь;—;—;11,00 $;—;15,40 $;—;Подводная охота;Гарпуны;;;;;;;;;;;;;;;;
;AX600/7;"Гарпун ""Зелинка"" с резьбой, нерж. сталь 174 ph ø7,0mm 65 см (без скольз.втулки)";Salvimar;65;7;Для ружья;Сталь;—;—;12,00 $;—;16,80 $;—;Подводная охота;Гарпуны;;;;;;;;;;;;;;;;
;AX700/7;"Гарпун ""Зелинка"" с резьбой, нерж. сталь 174 ph ø7,0mm 75 см (без скольз.втулки)";Salvimar;75;7;Для ружья;Сталь;—;—;12,50 $;—;17,50 $;—;Подводная охота;Гарпуны;;;;;;;;;;;;;;;;
;AX500/8;"Гарпун ""Зелинка"" с резьбой, нерж. сталь 174 ph ø8,0mm 55 см (без скольз.втулки)";Salvimar;55;8;Для ружья;Сталь;—;—;13,00 $;—;18,20 $;—;Подводная охота;Гарпуны;;;;;;;;;;;;;;;;
;AX600/8;"Гарпун ""Зелинка"" с резьбой, нерж. сталь 174 ph ø8,0mm 65 см (без скольз.втулки)";Salvimar;65;8;Для ружья;Сталь;—;—;13,50 $;—;18,90 $;—;Подводная охота;Гарпуны;;;;;;;;;;;;;;;;
;AX700/8;"Гарпун ""Зелинка"" с резьбой, нерж. сталь 174 ph ø8,0mm 75 см (без скольз.втулки)";Salvimar;75;8;Для ружья;Сталь;—;—;14,00 $;—;19,60 $;—;Подводная охота;Гарпуны;;;;;;;;;;;;;;;;
;;Прут  ø 7mm, 180см;Salvimar;180;7;Для ружья;Сталь;—;—;17,00 $;—;23,80 $;—;Подводная охота;Гарпуны;;;;;;;;;;;;;;;;
;;Прут  ø 7mm, 140см;Salvimar;140;7;Для ружья;Сталь;—;—;11,00 $;—;15,40 $;—;Подводная охота;Гарпуны;;;;;;;;;;;;;;;;
;;Прут  ø 7mm, 180см (SANDVIK);Salvimar;180;7;Для ружья;Сталь;—;—;20,00 $;—;28,00 $;—;Подводная охота;Гарпуны;;;;;;;;;;;;;;;;
;;Прут  ø 7mm, 140см (SANDVIK);Salvimar;140;7;Для ружья;Сталь;—;—;14,00 $;—;19,60 $;—;Подводная охота;Гарпуны;;;;;;;;;;;;;;;;
;;Прут  ø 7,5 mm, 180см;Salvimar;180;7,5;Для ружья;Сталь;—;—;20,00 $;—;28,00 $;—;Подводная охота;Гарпуны;;;;;;;;;;;;;;;;
;;Прут  ø 7,5 mm, 160см;Salvimar;160;7,5;Для ружья;Сталь;—;—;17,00 $;—;23,80 $;—;Подводная охота;Гарпуны;;;;;;;;;;;;;;;;
;;Прут  ø 7,5 mm, 140см;Salvimar;140;7,5;Для ружья;Сталь;—;—;16,00 $;—;22,40 $;—;Подводная охота;Гарпуны;;;;;;;;;;;;;;;;
;;Прут  ø 7,5 mm, 120см;Salvimar;120;7,5;Для ружья;Сталь;—;—;9,00 $;—;12,60 $;—;Подводная охота;Гарпуны;;;;;;;;;;;;;;;;
;;Прут  ø 8 mm, 180см;Salvimar;180;8;Для ружья;Сталь;—;—;25,00 $;—;35,00 $;—;Подводная охота;Гарпуны;;;;;;;;;;;;;;;;
;;Прут  ø 8 mm, 150см;Salvimar;150;8;Для ружья;Сталь;—;—;20,00 $;—;28,00 $;—;Подводная охота;Гарпуны;;;;;;;;;;;;;;;;
;;Прут  ø 8 mm, 120см;Salvimar;120;8;Для ружья;Сталь;—;—;10,00 $;—;14,00 $;—;Подводная охота;Гарпуны;;;;;;;;;;;;;;;;
;AA006B;Насадка трёхзубая, обьёмная PARALYZER M7;Salvimar;24;—;Для ружья;Сталь;—;—;7,00 $;—;9,80 $;—;Подводная охота;Гарпуны;;;;;;;;;;;;;;;;
;AA008;Насадка четырёхзубая SPEED 4 гальванизированная;Salvimar;10;4;Для ружья;Сталь;—;—;4,97 $;—;6,96 $;—;Подводная охота;Гарпуны;;;;;;;;;;;;;;;;
;AA008/B;Насадка четырёхзубая SPEED 4 Mustad;Salvimar;10;4;Для ружья;Сталь;—;—;7,59 $;—;10,63 $;—;Подводная охота;Гарпуны;;;;;;;;;;;;;;;;
;AA008/S;Насадка четырёхзубая SPEED 4 нержавеющая;Salvimar;10;4;Для ружья;Сталь;—;—;6,14 $;—;8,60 $;—;Подводная охота;Гарпуны;;;;;;;;;;;;;;;;
;AA001N;Насадка трёхзубая облегчённая на нейлоне;Salvimar;6.3;3,5;Для ружья;Сталь;—;—;1,93 $;—;2,70 $;—;Подводная охота;Гарпуны;;;;;;;;;;;;;;;;
;AA003N;Насадка четырёхзубая облегчённая на нейлоне;Salvimar;6.3;3,5;Для ружья;Сталь;—;—;2,28 $;—;3,19 $;—;Подводная охота;Гарпуны;;;;;;;;;;;;;;;;
;AA005N;Насадка трёхзубая утяжелённая на нейлоне;Salvimar;8,8;4,5;Для ружья;Сталь;—;—;2,28 $;—;3,19 $;—;Подводная охота;Гарпуны;;;;;;;;;;;;;;;;
;AA007N;Насадка четырёхзубая утяжелённая на нейлоне;Salvimar;8,8;4,5;Для ружья;Сталь;—;—;2,76 $;—;3,86 $;—;Подводная охота;Гарпуны;;;;;;;;;;;;;;;;
;AA033N;Насадка трёхзубая утяжелённая нержавеющая на нейлоне;Salvimar;8,8;4,5;Для ружья;Сталь;—;—;4,21 $;—;5,89 $;—;Подводная охота;Гарпуны;;;;;;;;;;;;;;;;
;AA035N;Насадка четырёхзубая утяжелённая нержавеющая на нейлоне;Salvimar;8,4;4,5;Для ружья;Сталь;—;—;4,69 $;—;6,57 $;—;Подводная охота;Гарпуны;;;;;;;;;;;;;;;;
;AA031N;Насадка трёхзубая нержавеющая, 2 флажка на нейлоне;Salvimar;10,2;5;Для ружья;Сталь;—;—;6,83 $;—;9,56 $;—;Подводная охота;Гарпуны;;;;;;;;;;;;;;;;
;AA040;"Насадка трёхзубая ""Big"" с тремя флажками";Salvimar;15,5;5;Для ружья;Сталь;—;—;7,18 $;—;10,05 $;—;Подводная охота;Гарпуны;;;;;;;;;;;;;;;;
;AA009N;"Насадка трёхзубая ""Martin"", гальванизированная на нейлоне";Salvimar;8,3;5;Для ружья;Сталь;—;—;3,73 $;—;5,22 $;—;Подводная охота;Гарпуны;;;;;;;;;;;;;;;;
;AA011N;"Насадка пятизубая ""Martin"", гальванизированная на нейлоне";Salvimar;8,3;5;Для ружья;Сталь;—;—;4,69 $;—;6,57 $;—;Подводная охота;Гарпуны;;;;;;;;;;;;;;;;
;AA009N/B;"Насадка трёхзубая ""Martin"", нержавеющая на нейлоне";Salvimar;8,3;5;Для ружья;Сталь;—;—;4,35 $;—;6,09 $;—;Подводная охота;Гарпуны;;;;;;;;;;;;;;;;
;AA011N/B;"Насадка пятизубая ""Martin"", нержавеющая на нейлоне";Salvimar;8,3;5;Для ружья;Сталь;—;—;5,04 $;—;7,05 $;—;Подводная охота;Гарпуны;;;;;;;;;;;;;;;;
;AA013;"Насадка трёхзубая ""Jet"" гальванизированная на нейлоне";Salvimar;10;4;Для ружья;Сталь;—;—;4,62 $;—;6,47 $;—;Подводная охота;Гарпуны;;;;;;;;;;;;;;;;
;AA015;"Насадка пятизубая ""Jet"" гальванизированная на нейлоне";Salvimar;10;4;Для ружья;Сталь;—;—;4,97 $;—;6,96 $;—;Подводная охота;Гарпуны;;;;;;;;;;;;;;;;
;AA013N;"Насадка трёхзубая ""Jet Black"" гальванизированная на нейлоне";Salvimar;10;4;Для ружья;Сталь;—;—;4,62 $;—;6,47 $;—;Подводная охота;Гарпуны;;;;;;;;;;;;;;;;
;AA015N;"Насадка пятизубая ""Jet Black"" гальванизированная на нейлоне";Salvimar;10;4;Для ружья;Сталь;—;—;4,97 $;—;6,96 $;—;Подводная охота;Гарпуны;;;;;;;;;;;;;;;;
;AA021;"Насадка трёхзубая ""Mustad"", нержавеющая на нейлоне";Salvimar;10;4;Для ружья;Сталь;—;—;5,87 $;—;8,21 $;—;Подводная охота;Гарпуны;;;;;;;;;;;;;;;;
;AA023;"Насадка пятизубая ""Mustad"", нержавеющая на нейлоне";Salvimar;10;4;Для ружья;Сталь;—;—;7,04 $;—;9,85 $;—;Подводная охота;Гарпуны;;;;;;;;;;;;;;;;
;AA025;"Насадка трёхзубая ""Jet"" нержавеющая на нейлоне";Salvimar;10;4;Для ружья;Сталь;—;—;5,38 $;—;7,53 $;—;Подводная охота;Гарпуны;;;;;;;;;;;;;;;;
;AA027;"Насадка пятизубая ""Jet"" нержавеющая на нейлоне";Salvimar;10;4;Для ружья;Сталь;—;—;5,73 $;—;8,02 $;—;Подводная охота;Гарпуны;;;;;;;;;;;;;;;;
;AC010B;"""K9"" закаленный, трёхгранный, один флажок";Salvimar;10;—;Для ружья;Сталь;—;—;10,50 $;—;14,70 $;—;Подводная охота;Гарпуны;;;;;;;;;;;;;;;;
;AC010A;"""K9"" закаленный, конический, один флажок";Salvimar;10;—;Для ружья;Сталь;—;—;8,50 $;—;11,90 $;—;Подводная охота;Гарпуны;;;;;;;;;;;;;;;;
;AC060;"Насадка ""Slip-Tip Big Blue"" комплект, резьба M7x1, разделяемый с тросиком";Salvimar;12;—;Для ружья;Сталь;—;—;33,20 $;—;46,48 $;—;Подводная охота;Гарпуны;;;;;;;;;;;;;;;;
;AC058;"""Torsion2"" большой, нерж.сталь 174 Ph";Salvimar;12;7;Для ружья;Сталь;—;—;15,18 $;—;21,25 $;—;Подводная охота;Гарпуны;;;;;;;;;;;;;;;;
;AC055;"""Torsion2"" малый, нерж.сталь 174 Ph";Salvimar;10;7;Для ружья;Сталь;—;—;14,49 $;—;20,29 $;—;Подводная охота;Гарпуны;;;;;;;;;;;;;;;;
;AC023;"""Concorde"" нерж. сталь, 2 флажка";Salvimar;8,5;—;Для ружья;Сталь;—;—;5,18 $;—;7,25 $;—;Подводная охота;Гарпуны;;;;;;;;;;;;;;;;
;AC035;"""Short"" нерж.сталь, 2 флажка";Salvimar;6;—;Для ружья;Сталь;—;—;3,59 $;—;5,02 $;—;Подводная охота;Гарпуны;;;;;;;;;;;;;;;;
;AC050;"""Moby"" закалённая нерж. сталь, 2 флажка";Salvimar;6;—;Для ружья;Сталь;—;—;6,00 $;—;8,40 $;—;Подводная охота;Гарпуны;;;;;;;;;;;;;;;;
;AC029;"""Portoghese"" нерж. сталь, 2 флажка";Salvimar;6;—;Для ружья;Сталь;—;—;4,28 $;—;5,99 $;—;Подводная охота;Гарпуны;;;;;;;;;;;;;;;;
;AC040;"""Martin"" нержавеющая сталь, трёхгранная заточка, 2 длинных флажка";Salvimar;12;—;Для ружья;Сталь;—;—;7,11 $;—;9,95 $;—;Подводная охота;Гарпуны;;;;;;;;;;;;;;;;
;AC043;"""Martin"" нержавеющая сталь, закалённый свинчивающийся наконечник с трёхгранной заточкой, 2 длинных флажка";Salvimar;12;—;Для ружья;Сталь;—;—;10,35 $;—;14,49 $;—;Подводная охота;Гарпуны;;;;;;;;;;;;;;;;
;AC045;"Закалённый наконечник для гарпуна ""Martin""";Salvimar;12;—;Для ружья;Сталь;—;—;3,59 $;—;5,02 $;—;Подводная охота;Гарпуны;;;;;;;;;;;;;;;;
;AC031;"""Medio"" нерж.сталь, 2 флажка";Salvimar;6;—;Для ружья;Сталь;—;—;3,45 $;—;4,83 $;—;Подводная охота;Гарпуны;;;;;;;;;;;;;;;;
;AC033;"""Staggered"" нерж.сталь 2 коротких флажка";Salvimar;6;—;Для ружья;Сталь;—;—;4,07 $;—;5,70 $;—;Подводная охота;Гарпуны;;;;;;;;;;;;;;;;
;AC025;"""Miniconcorde"" нерж.сталь, 2 коротких флажка";Salvimar;6;—;Для ружья;Сталь;—;—;3,93 $;—;5,51 $;—;Подводная охота;Гарпуны;;;;;;;;;;;;;;;;
;AC015;"""Lazio"" нерж.сталь, 2 нерж.флажка";Salvimar;6;—;Для ружья;Сталь;—;—;3,38 $;—;4,73 $;—;Подводная охота;Гарпуны;;;;;;;;;;;;;;;;
;AC005;"""Lazio"" гальванизированный, 2 нерж.флажка";Salvimar;6;—;Для ружья;Сталь;—;—;2,21 $;—;3,09 $;—;Подводная охота;Гарпуны;;;;;;;;;;;;;;;;
;AC001;"""Lazio"" гальванизированный с 2 гальванизир.флажками";Salvimar;6;—;Для ружья;Сталь;—;—;1,93 $;—;2,70 $;—;Подводная охота;Гарпуны;;;;;;;;;;;;;;;;
;AC019;"""BIG"" 11ммХ94мм, нержавеющий , с закалённой свинчивающейся насадкой, 2 флажка";Salvimar;6;—;Для ружья;Сталь;—;—;5,24 $;—;7,34 $;—;Подводная охота;Гарпуны;;;;;;;;;;;;;;;;
;AC027;"""BIG"" 11ммХ94мм, нержавеющий, 2 флажка";Salvimar;6;—;Для ружья;Сталь;—;—;2,69 $;—;3,77 $;—;Подводная охота;Гарпуны;;;;;;;;;;;;;;;;
;AE020;Набор (кольцо+пружина+бегунок) для гарпуна 8мм;Salvimar;—;—;Для ружья;Сталь;—;—;2,14 $;—;3,00 $;—;Подводная охота;Гарпуны;;;;;;;;;;;;;;;;
;AE022;Набор (кольцо+бегунок) для гарпуна Сирано;Salvimar;—;—;Для ружья;Сталь;—;—;2,14 $;—;3,00 $;—;Подводная охота;Гарпуны;;;;;;;;;;;;;;;;
;AE023;Набор 5 флажков + 5 заклёпок для гарпуна Ø 6.0mm;Salvimar;—;—;Для ружья;Сталь;—;—;4,00 $;—;5,60 $;—;Подводная охота;Гарпуны;;;;;;;;;;;;;;;;
;AE024;Набор 5 флажков + 5 заклёпок для гарпуна Ø 6.5mm;Salvimar;—;—;Для ружья;Сталь;—;—;4,00 $;—;5,60 $;—;Подводная охота;Гарпуны;;;;;;;;;;;;;;;;
;AE024/1;Набор 5 флажков + 5 заклёпок для гарпуна Ø 6.5mm;Salvimar;—;—;Для ружья;Сталь;—;—;4,00 $;—;5,60 $;—;Подводная охота;Гарпуны;;;;;;;;;;;;;;;;
;AE024/2;Набор 5 флажков + 5 заклёпок для гарпуна Ø 7mm;Salvimar;—;—;Для ружья;Сталь;—;—;4,00 $;—;5,60 $;—;Подводная охота;Гарпуны;;;;;;;;;;;;;;;;
;400266/8;Набор 3 флажка ATLANTIS (85Х1мм) + 3 заклёпки Ø2,45мм для гарпуна Ø7,5-8mm;Salvimar;—;—;Для ружья;Сталь;—;—;10,00 $;—;14,00 $;—;Подводная охота;Гарпуны;;;;;;;;;;;;;;;;
;AE030;"Флажок ""TORSION 2""";Salvimar;—;—;Для ружья;Сталь;—;—;4,59 $;—;6,43 $;—;Подводная охота;Гарпуны;;;;;;;;;;;;;;;;
;AE030/8;"Клей для монтажа ""TORSION 2""";Salvimar;—;—;Для ружья;—;—;—;5,36 $;—;7,50 $;—;Подводная охота;Гарпуны;;;;;;;;;;;;;;;;
;AE031;"Наконечник трёхгранный для ""TORSION 2""";Salvimar;—;—;Для ружья;—;—;—;6,12 $;—;8,57 $;—;Подводная охота;Гарпуны;;;;;;;;;;;;;;;;
;AE032;"Наконечник конический для ""TORSION 2""";Salvimar;—;—;Для ружья;—;—;—;4,59 $;—;6,43 $;—;Подводная охота;Гарпуны;;;;;;;;;;;;;;;;
;AE033;Хвостовик для гарпуна Sten;Salvimar;—;—;Для ружья;—;—;—;1,30 $;—;1,82 $;—;Подводная охота;Гарпуны;;;;;;;;;;;;;;;;
;AE035;Хвостовик для гарпуна Asso - SL;Salvimar;—;—;Для ружья;—;—;—;1,30 $;—;1,82 $;—;Подводная охота;Гарпуны;;;;;;;;;;;;;;;;
;AE039;Хвостовик для гарпуна Cyrano;Salvimar;—;—;Для ружья;—;—;—;1,30 $;—;1,82 $;—;Подводная охота;Гарпуны;;;;;;;;;;;;;;;;
;AE055;Переходник с резьбы М6 на М7;Salvimar;—;—;Для ружья;—;—;—;1,29 $;—;1,80 $;—;Подводная охота;Гарпуны;;;;;;;;;;;;;;;;
;AE054/7;Набор силикон. О-рингов диам. 7мм для однофл. гарпунов и Torsion (10шт);Salvimar;—;7;Для ружья;—;—;—;2,68 $;—;3,75 $;—;Подводная охота;Гарпуны;;;;;;;;;;;;;;;;
;AE054/8;Набор силикон. О-рингов для гарпунов 8мм (10шт);Salvimar;—;—;Для ружья;—;—;—;2,68 $;—;3,75 $;—;Подводная охота;Гарпуны;;;;;;;;;;;;;;;;
;;Переходник для гарпуна (резьбовой);Salvimar;—;—;Для ружья;—;—;—;2,90 $;—;4,35 $;—;Подводная охота;Гарпуны;;;;;;;;;;;;;;;;
;;Переходник с отеч.акваланга на редуктор DIN(АВМ);Salvimar;—;—;—;—;—;—;10,50 $;—;15,75 $;—;Подводная охота;Гарпуны;;;;;;;;;;;;;;;;
;;Скользящая втулка стальная 8 мм;Salvimar;—;8;—;—;—;—;3,25 $;—;4,88 $;—;Подводная охота;Гарпуны;;;;;;;;;;;;;;;;
;;"Упор для зарядки ружей ""безопасный""";Salvimar;—;—;—;—;—;—;5,00 $;—;7,50 $;—;Подводная охота;Гарпуны;;;;;;;;;;;;;;;;
;;Гарпун нержавеющий каленый (сталь Sandvik) 7,5 мм 450;Pelengas;45;7,5;Для ружья;Сталь;—;—;;—;"19,51 USD
";—;;;;;;;;;;;;;;;;;;
;;Гарпун нержавеющий каленый (сталь Sandvik) 7,5 мм 500;Pelengas;50;7,5;Для ружья;Сталь;—;—;;—;"19,51 USD
";—;;;;;;;;;;;;;;;;;;
;;Гарпун 8 мм нерж. с полиуретановым тормозом 400, 500 Cressi, Asso;Pelengas;50;8;Для ружья;Сталь;—;—;;—;"12,20 USD
";—;;;;;;;;;;;;;;;;;;
;;Гарпун 8 мм нерж. с полиуретановым тормозом 700 Cressi, Asso;Pelengas;70;8;Для ружья;Сталь;—;—;;—;"14,63 USD
";—;;;;;;;;;;;;;;;;;;
;;Гарпун 8 мм нерж. с полиуретановым тормозом 400, 500 Omer, Mares, Beuchat, Tigullio, Vintair;"Pelengas
";;;;—;—;—;;—;;—;;;;;;;;;;;;;;;;;;
;;;—;—;—;—;—;—;—;;—;;—;;;;;;;;;;;;;;;;;;
;;;—;—;—;—;—;—;—;;—;;—;;;;;;;;;;;;;;;;;;
;;;—;—;—;—;—;—;—;;—;;—;;;;;;;;;;;;;;;;;;
;;;—;—;—;—;—;—;—;;—;;—;;;;;;;;;;;;;;;;;;
;;;—;—;—;—;—;—;—;;—;;—;;;;;;;;;;;;;;;;;;
;;;—;—;—;—;—;—;—;;—;;—;;;;;;;;;;;;;;;;;;
;;;—;—;—;—;—;—;—;;—;;—;;;;;;;;;;;;;;;;;;
;;;—;—;—;—;—;—;—;;—;;—;;;;;;;;;;;;;;;;;;
;;;—;—;—;—;—;—;—;;—;;—;;;;;;;;;;;;;;;;;;
;;;—;—;—;—;—;—;—;;—;;—;;;;;;;;;;;;;;;;;;
;;;—;—;—;—;—;—;—;;—;;—;;;;;;;;;;;;;;;;;;
;;;—;—;—;—;—;—;—;;—;;—;;;;;;;;;;;;;;;;;;
;;;—;—;—;—;—;—;—;;—;;—;;;;;;;;;;;;;;;;;;
;;;—;—;—;—;—;—;—;;—;;—;;;;;;;;;;;;;;;;;;
;;;—;—;—;—;—;—;—;;—;;—;;;;;;;;;;;;;;;;;;