#;Артикул;Название;Производитель;Тип;Цвет;Статус;Гарантия;Оптовая цена;Оптовая валюта;Розничная цена;Розничная валюта;Категория;Подкатегория;;;;;;;;;;;;;;;;
IE_XML_ID;PROP_SKU;IE_NAME;PROP_MANUFACTURER;PROP_GIDROKOSTYUMY_TYPE;;PROP_STATUS;PROP_WARRANTY;OPT_PRICE;OPT_CURRENCY;PRICE_PRICE;PRICE_CURRENCY;IC_GROUP0;IC_GROUP1;IE_ID;IE_ACTIVE;IE_ACTIVE_FROM;IE_ACTIVE_TO;IE_PREVIEW_PICTURE;IE_PREVIEW_TEXT;IE_PREVIEW_TEXT_TYPE;IE_DETAIL_PICTURE;IE_DETAIL_TEXT;IE_DETAIL_TEXT_TYPE;IE_CODE;IE_SORT;IE_TAGS;IP_PROP2;IP_PROP4;IC_GROUP2
1;;Маска Marlin BIG PANORAMIC  black  (трехстекольная);Marlin;Трехстекольная;Чёрный;—;—;25,50 €;—;38,25 €;—;Подводная охота;Маски;2;;;;;;;;;;;;;;;
;;Маска Marlin PANORAMIC black (четырехстекольная);Marlin;Четырехстекольная;Чёрный;—;—;25,50 €;—;38,25 €;—;Подводная охота;Маски;;;;;;;;;;;;;;;;
;;Маска Marlin VISUALATOR black;Marlin;Одностекольная;Чёрный;—;—;22,40 €;—;33,60 €;—;Подводная охота;Маски;;;;;;;;;;;;;;;;
;;Маска Marlin VISUALATOR titan/black ;Marlin;Одностекольная;Чёрный;—;—;22,40 €;—;33,60 €;—;Подводная охота;Маски;;;;;;;;;;;;;;;;
;;Маска Marlin FRAMELESS black (безрамочная) СПЕЦПРЕДЛОЖЕНИE;Marlin;Одностекольная;Чёрный;—;—;17,70 €;—;25,67 €;—;Подводная охота;Маски;;;;;;;;;;;;;;;;
;;Маска Marlin FRAMELESS DUO black (безрамочная);Marlin;Одностекольная;Чёрный;—;—;26,00 €;—;39,00 €;—;Подводная охота;Маски;;;;;;;;;;;;;;;;
;;Маска Marlin FRAMELESS EXCEL black  (безрамочная);Marlin;Одностекольная;Чёрный;—;—;23,50 €;—;35,25 €;—;Подводная охота;Маски;;;;;;;;;;;;;;;;
;;Маска Marlin FRAMELESS UNO black (безрамочная);Marlin;Одностекольная;Чёрный;—;—;20,00 €;—;30,00 €;—;Подводная охота;Маски;;;;;;;;;;;;;;;;
;;Маска Marlin SUPERBA black СПЕЦПРЕДЛОЖЕНИE;Marlin;Двустекольная;Чёрный;—;—;17,70 €;—;25,67 €;—;Подводная охота;Маски;;;;;;;;;;;;;;;;
;;Маска Marlin TURBO black СПЕЦПРЕДЛОЖЕНИE;Marlin;Двустекольная;Чёрный;—;—;17,10 €;—;24,80 €;—;Подводная охота;Маски;;;;;;;;;;;;;;;;
;;Маска Marlin HUNTER black СПЕЦПРЕДЛОЖЕНИE;Marlin;Двустекольная;Чёрный;—;—;16,80 €;—;24,36 €;—;Подводная охота;Маски;;;;;;;;;;;;;;;;
;;Маска Marlin HUNTER black + просветленные стекла ;Marlin;Двустекольная;Чёрный;—;—;26,00 €;—;39,00 €;—;Подводная охота;Маски;;;;;;;;;;;;;;;;
;;Маска Marlin LOOK black  (классика);Marlin;Одностекольная;Чёрный;—;—;18,30 €;—;27,45 €;—;Подводная охота;Маски;;;;;;;;;;;;;;;;
;;Маска Marlin TWIST black ;Marlin;Двустекольная;Чёрный;—;—;22,00 €;—;33,00 €;—;Подводная охота;Маски;;;;;;;;;;;;;;;;
;;Маска Marlin TWIST blue;Marlin;Двустекольная;Синий;—;—;22,00 €;—;33,00 €;—;Подводная охота;Маски;;;;;;;;;;;;;;;;
;;Маска Marlin HYBRID karbon  (рамка окрашена под карбон);Marlin;Двустекольная;Чёрный;—;—;23,80 €;—;35,70 €;—;Подводная охота;Маски;;;;;;;;;;;;;;;;
;;Маска Marlin HYBRID karbon +просветленные стекла ;Marlin;Двустекольная;Чёрный;—;—;27,20 €;—;40,80 €;—;Подводная охота;Маски;;;;;;;;;;;;;;;;
;;Маска Marlin CAMO brown  просветленные стекла (коричневый камуфляж);Marlin;Двустекольная;Камуфляж;—;—;25,70 €;—;38,55 €;—;Подводная охота;Маски;;;;;;;;;;;;;;;;
;;Маска Marlin MATTE black  (минимальное подмасочное пространство, матовый силикон);Marlin;Двустекольная;Чёрный;—;—;23,30 €;—;34,95 €;—;Подводная охота;Маски;;;;;;;;;;;;;;;;
;;Маска Marlin CUBA blue/red/yellow clear sil.;Marlin;Двустекольная;Прозрачный;—;—;18,00 €;—;27,00 €;—;Подводная охота;Маски;;;;;;;;;;;;;;;;
;;Бокс под маски Marlin;Marlin;—;Прозрачный;—;—;3,80 €;—;5,70 €;—;Подводная охота;Маски;;;;;;;;;;;;;;;;
;;Застежка к маске Marlin;Marlin;—;Чёрный;—;—;3,00 €;—;4,50 €;—;Подводная охота;Маски;;;;;;;;;;;;;;;;
;;Ремешок к маске Marlin анатомический;Marlin;—;Чёрный;—;—;4,40 €;—;6,60 €;—;Подводная охота;Маски;;;;;;;;;;;;;;;;
;;Ремень для маски Marlin 22 мм (Look, Uno);Marlin;—;Чёрный;—;—;3,00 €;—;4,50 €;—;Подводная охота;Маски;;;;;;;;;;;;;;;;
;;Ремень для маски Marlin 11 мм;Marlin;—;Чёрный;—;—;3,00 €;—;4,50 €;—;Подводная охота;Маски;;;;;;;;;;;;;;;;
;M-83;"Маска ""3-VIZION"" чёрный силикон, трёхстёкольная";BS Diver;Трехстекольная;Чёрный;—;—;28,00 €;—;42,00 €;—;Подводная охота;Маски;;;;;;;;;;;;;;;;
;WM09;"Маска ""3-VIZION MID"" чёрный силикон, трёхстёкольная";BS Diver;Трехстекольная;Чёрный;—;—;27,00 €;—;40,00 €;—;Подводная охота;Маски;;;;;;;;;;;;;;;;
;;"Маска ""VENOM"" черный силикон, моностекло, безрамочная";BS Diver;Одностекольная;Чёрный;—;—;20,00 €;—;30,00 €;—;Подводная охота;Маски;;;;;;;;;;;;;;;;
;YM-61;"Маска ""FROG"" чёрный силикон, двустёкольная";BS Diver;Двустекольная;Чёрный;—;—;18,00 €;—;27,00 €;—;Подводная охота;Маски;;;;;;;;;;;;;;;;
;GM05;"Маска ""APNOICUS"" чёрный силикон, двустёкольная";BS Diver;Двустекольная;Чёрный;—;—;18,00 €;—;27,00 €;—;Подводная охота;Маски;;;;;;;;;;;;;;;;
;WM-08;"Маска ""ASTRA"" чёрный силикон, двустёкольная";BS Diver;Двустекольная;Чёрный;—;—;18,00 €;—;29,00 €;—;Подводная охота;Маски;;;;;;;;;;;;;;;;
;;"Маска ""CEFALO"" чёрный силикон, двустёкольная, камуфлированная";BS Diver;Двустекольная;Чёрный;—;—;15,00 €;—;22,00 €;—;Подводная охота;Маски;;;;;;;;;;;;;;;;
;WM-01;"Маска ""DRAGON"" чёрный силикон, двустёкольная";BS Diver;Двустекольная;Чёрный;—;—;18,00 €;—;29,00 €;—;Подводная охота;Маски;;;;;;;;;;;;;;;;
;YM-54;"Маска ""MIROMAX"" чёрный силикон, двустёкольная, тонированная";BS Diver;Двустекольная;Чёрный;—;—;23,00 €;—;36,00 €;—;Подводная охота;Маски;;;;;;;;;;;;;;;;
;YM-72BS;"Маска ""MIROLA"" чёрный силикон, двустёкольная, тонированная";BS Diver;Двустекольная;Чёрный;—;—;23,00 €;—;36,00 €;—;Подводная охота;Маски;;;;;;;;;;;;;;;;
;M-11;"Маска ""Extra"" чёрный силикон, моностекло, с клапаном";BS Diver;Одностекольная;Чёрный;—;—;22,00 €;—;33,00 €;—;Подводная охота;Маски;;;;;;;;;;;;;;;;
;;"Маска ""AURORA"" чёрный силикон, моностекло";BS Diver;Одностекольная;Чёрный;—;—;22,00 €;—;33,00 €;—;Подводная охота;Маски;;;;;;;;;;;;;;;;
;WM03BS;"Маска ""FOX MID"" чёрный силикон, моностекло";BS Diver;Одностекольная;Чёрный;—;—;19,00 €;—;30,00 €;—;Подводная охота;Маски;;;;;;;;;;;;;;;;
;M-41;"Маска ""FOX"" чёрный силикон, моностекло";BS Diver;Одностекольная;Чёрный;—;—;20,00 €;—;33,00 €;—;Подводная охота;Маски;;;;;;;;;;;;;;;;
;M22BS ;"Маска ""HUMMER"" чёрный силикон, моностекло";BS Diver;Одностекольная;Чёрный;—;—;22,00 €;—;35,00 €;—;Подводная охота;Маски;;;;;;;;;;;;;;;;
;M-25BS;"Маска ""MATADOR"" чёрный силикон, моностекло";BS Diver;Одностекольная;Чёрный;—;—;20,00 €;—;30,00 €;—;Подводная охота;Маски;;;;;;;;;;;;;;;;
;WM-05;"Маска ""SUPERVIZOR"" чёрный силикон, моностекло";BS Diver;Одностекольная;Чёрный;—;—;20,00 €;—;35,00 €;—;Подводная охота;Маски;;;;;;;;;;;;;;;;
;;"Маска ""SEAL""";BS Diver;Двустекольная;Чёрный;—;—;19,00 €;—;38,00 €;—;Подводная охота;Маски;;;;;;;;;;;;;;;;
;;"Маска ""RUBY"" чёрный силикон, двустёкольная";BS Diver;Двустекольная;Чёрный;—;—;18,00 €;—;30,00 €;—;Подводная охота;Маски;;;;;;;;;;;;;;;;
;;Диоптрийные стекла к маске APNOICUS  -1, -1,5, -2, -2,5, -3, -3,5, -4, -4,5, -5, -5,5, - 6, -6,5, - 7, -7,5, -8 (штука);BS Diver;Двустекольная;—;—;—;16,00 €;—;26,00 €;—;Подводная охота;Маски;;;;;;;;;;;;;;;;
;;Диоптрийные тонированные стекла к маске MIROLA  -1, -1,5, -2, -2,5, -3, -3,5, -4, -5(штука);BS Diver;Двустекольная;—;—;—;20,00 €;—;30,00 €;—;Подводная охота;Маски;;;;;;;;;;;;;;;;
;;Ремешок силиконовый для масок BS DIVER;BS Diver;—;Чёрный;—;—;3,00 €;—;5,00 €;—;Подводная охота;Маски;;;;;;;;;;;;;;;;
;;Коробка для маски;BS Diver;—;Прозрачный;—;—;3,00 €;—;5,00 €;—;Подводная охота;Маски;;;;;;;;;;;;;;;;
;DS365050;NANO;Cressi;Двустекольная;Чёрный;—;—;44,50 €;—;62,30 €;—;Подводная охота;Маски;;;;;;;;;;;;;;;;
;DS365050;NANO;Cressi;Двустекольная;—;—;—;36,00 €;—;50,40 €;—;Подводная охота;Маски;;;;;;;;;;;;;;;;
;DS366050 ;NANO BLACK HD MIRRORED LENS (зеркальные стёкла);Cressi;Двустекольная;Чёрный;—;—;42,00 €;—;58,80 €;—;Подводная охота;Маски;;;;;;;;;;;;;;;;
;DS355010;EYES EVOLUTION CRYSTAL;Cressi;Двустекольная;Прозрачный;—;—;27,00 €;—;37,80 €;—;Подводная охота;Маски;;;;;;;;;;;;;;;;
;DS355020;EYES EVOLUTION CRYSTAL;Cressi;Двустекольная;Синий;—;—;27,00 €;—;37,80 €;—;Подводная охота;Маски;;;;;;;;;;;;;;;;
;DS355050;EYES EVOLUTION CRYSTAL;Cressi;Двустекольная;Камуфляж;—;—;27,00 €;—;37,80 €;—;Подводная охота;Маски;;;;;;;;;;;;;;;;
;DS355098;EYES EVOLUTION CRYSTAL;Cressi;Двустекольная;Чёрный;—;—;27,00 €;—;37,80 €;—;Подводная охота;Маски;;;;;;;;;;;;;;;;
;DS336550;BIG EYES EVOLUTION;Cressi;Двустекольная;Чёрный;—;—;36,00 €;—;50,40 €;—;Подводная охота;Маски;;;;;;;;;;;;;;;;
;DS336950;BIG EYES EVOLUTION HD MIRRORED LENS (зеркальные стёкла);Cressi;Двустекольная;Чёрный;—;—;44,00 €;—;61,60 €;—;Подводная охота;Маски;;;;;;;;;;;;;;;;
;DS335050;PIUMA EVOLUTION CRYSTAL;Cressi;Двустекольная;Чёрный;—;—;37,00 €;—;51,80 €;—;Подводная охота;Маски;;;;;;;;;;;;;;;;
;DS295050;OCCHIO PLUS;Cressi;Двустекольная;Чёрный;—;—;22,00 €;—;30,80 €;—;Подводная охота;Маски;;;;;;;;;;;;;;;;
;DS322050;PENTA ;Cressi;Двустекольная;Прозрачный;—;—;36,00 €;—;50,40 €;—;Подводная охота;Маски;;;;;;;;;;;;;;;;
;DS301010;MATRIX ;Cressi;Двустекольная;Чёрный;—;—;29,00 €;—;40,60 €;—;Подводная охота;Маски;;;;;;;;;;;;;;;;
;DS301020;MATRIX ;Cressi;Двустекольная;Синий;—;—;29,00 €;—;40,60 €;—;Подводная охота;Маски;;;;;;;;;;;;;;;;
;DS302050;MATRIX ;Cressi;Двустекольная;Красный;—;—;29,00 €;—;40,60 €;—;Подводная охота;Маски;;;;;;;;;;;;;;;;
;DS302099;MATRIX ;Cressi;Двустекольная;—;—;—;29,00 €;—;40,60 €;—;Подводная охота;Маски;;;;;;;;;;;;;;;;
;DS312050;LINCE;Cressi;Двустекольная;—;—;—;26,00 €;—;36,40 €;—;Подводная охота;Маски;;;;;;;;;;;;;;;;
;DS262020;BIG EYES;Cressi;Двустекольная;—;—;—;24,00 €;—;33,60 €;—;Подводная охота;Маски;;;;;;;;;;;;;;;;
;DS262050;BIG EYES;Cressi;Двустекольная;—;—;—;24,00 €;—;33,60 €;—;Подводная охота;Маски;;;;;;;;;;;;;;;;
;DS242010;FOCUS;Cressi;Двустекольная;—;—;—;22,00 €;—;30,80 €;—;Подводная охота;Маски;;;;;;;;;;;;;;;;
;DS242020;FOCUS;Cressi;Двустекольная;—;—;—;22,00 €;—;30,80 €;—;Подводная охота;Маски;;;;;;;;;;;;;;;;
;DS242050;FOCUS;Cressi;Двустекольная;—;—;—;22,00 €;—;30,80 €;—;Подводная охота;Маски;;;;;;;;;;;;;;;;
;DS292050;MINIMA;Cressi;Двустекольная;—;—;—;20,00 €;—;28,00 €;—;Подводная охота;Маски;;;;;;;;;;;;;;;;
;ZDN283000 ;F1 WHITE ;Cressi;Одностекольная;—;—;—;32,00 €;—;44,80 €;—;Подводная охота;Маски;;;;;;;;;;;;;;;;
;DS339995;NEOPRENE STRAP (неопреновый чехол на ремешок маски);Cressi;—;—;—;—;6,50 €;—;9,10 €;—;Подводная охота;Маски;;;;;;;;;;;;;;;;
;DZ210019;РЕМЕШОК ДЛЯ МАСКИ MINIMA;Cressi;—;—;—;—;4,00 €;—;5,60 €;—;Подводная охота;Маски;;;;;;;;;;;;;;;;
;DZ215004;РЕМЕШОК ДЛЯ МАСКИ MATRIX/LINCE;Cressi;—;—;—;—;4,00 €;—;5,60 €;—;Подводная охота;Маски;;;;;;;;;;;;;;;;
;DN295050 ;OCEAN BLACK;Cressi;Двустекольная;—;—;—;17,00 €;—;23,80 €;—;Подводная охота;Маски;;;;;;;;;;;;;;;;
;DN281010;MAREA;Cressi;Двустекольная;—;—;—;14,50 €;—;20,30 €;—;Подводная охота;Маски;;;;;;;;;;;;;;;;
;DN281020;MAREA;Cressi;Двустекольная;—;—;—;14,50 €;—;20,30 €;—;Подводная охота;Маски;;;;;;;;;;;;;;;;
;DN285050;MAREA;Cressi;Двустекольная;—;—;—;15,00 €;—;21,00 €;—;Подводная охота;Маски;;;;;;;;;;;;;;;;
;DN283000;MAREA JUNIOR;Cressi;Двустекольная;—;—;—;13,00 €;—;18,20 €;—;Подводная охота;Маски;;;;;;;;;;;;;;;;
;DN200000;SKY;Cressi;Одностекольная;—;—;—;14,50 €;—;20,30 €;—;Подводная охота;Маски;;;;;;;;;;;;;;;;
;DN200100;SKY;Cressi;Одностекольная;—;—;—;14,50 €;—;20,30 €;—;Подводная охота;Маски;;;;;;;;;;;;;;;;
;DN200300;SKY JR;Cressi;Одностекольная;—;—;—;14,00 €;—;19,60 €;—;Подводная охота;Маски;;;;;;;;;;;;;;;;
;DN208000;PERLA ;Cressi;Двустекольная;—;—;—;11,50 €;—;16,10 €;—;Подводная охота;Маски;;;;;;;;;;;;;;;;
;DN208150;PERLA ;Cressi;Двустекольная;—;—;—;11,50 €;—;16,10 €;—;Подводная охота;Маски;;;;;;;;;;;;;;;;
;DN208200;PERLA JUNIOR;Cressi;Двустекольная;—;—;—;11,00 €;—;15,40 €;—;Подводная охота;Маски;;;;;;;;;;;;;;;;
;DN234650;SUPEROCCHIO;Cressi;Двустекольная;—;—;—;21,00 €;—;29,40 €;—;Подводная охота;Маски;;;;;;;;;;;;;;;;
;DN207000;ONDA ;Cressi;Одностекольная;—;—;—;13,00 €;—;18,20 €;—;Подводная охота;Маски;;;;;;;;;;;;;;;;
;DN206900;ONDINA ;Cressi;Одностекольная;—;—;—;13,00 €;—;18,20 €;—;Подводная охота;Маски;;;;;;;;;;;;;;;;
;DN201000;SIRENA ;Cressi;Одностекольная;—;—;—;11,00 €;—;15,40 €;—;Подводная охота;Маски;;;;;;;;;;;;;;;;
;DN200600;MOON KID;Cressi;Двустекольная;—;—;—;12,00 €;—;16,80 €;—;Подводная охота;Маски;;;;;;;;;;;;;;;;
;DN200500;PIUMETTA;Cressi;Одностекольная;—;—;—;9,00 €;—;12,60 €;—;Подводная охота;Маски;;;;;;;;;;;;;;;;
;;"Микро Маска ""DM""";Deep Master;Двустекольная;Чёрный;—;—;20,00 €;—;25,00 €;—;Подводная охота;Маски;;;;;;;;;;;;;;;;
;;"Моно Маска ""DM""";Deep Master;Одностекольная;Чёрный;—;—;20,00 €;—;25,00 €;—;Подводная охота;Маски;;;;;;;;;;;;;;;;
;;"Маска ENZO 2 двухстекольная
";AERIS;Двустекольная;Чёрный;—;—;"24,00 USD
";—;"36,00 USD
";—;Подводная охота;Маски;;;;;;;;;;;;;;;;
;;"Маска EUROPA 3 моностекло
";AERIS;Одностекольная;Прозрачный;—;—;"30,00 USD
";—;"45,00 USD
";—;Подводная охота;Маски;;;;;;;;;;;;;;;;
;;"Маска EUROPA 3X мономтекло
";AERIS;Одностекольная;Прозрачный;—;—;"30,00 USD
";—;"45,00 USD
";—;Подводная охота;Маски;;;;;;;;;;;;;;;;
;;"Маска ORING моностекло
";AERIS;Одностекольная;Чёрный;—;—;"27,00 USD
";—;"38,00 USD
";—;Подводная охота;Маски;;;;;;;;;;;;;;;;
;;"Маска M-3 HOLLIS двухстекольная
";"HOLLIS
";Двустекольная;Чёрный;—;—;"50,00 USD
";—;"71,00 USD
";—;Подводная охота;Маски;;;;;;;;;;;;;;;;
;;"Маска M-4 HOLLIS моностекло
";"HOLLIS
";Одностекольная;Чёрный;—;—;"32,00 USD
";—;"45,00 USD
";—;Подводная охота;Маски;;;;;;;;;;;;;;;;
;;"Маска ACCENT моностекло
";"OCEANIC
";Одностекольная;Чёрный;—;—;"32,00 USD
";—;"45,00 USD
";—;Подводная охота;Маски;;;;;;;;;;;;;;;;
;;"Маска ION    (неопреновый ремешок) двухстекольная
";"OCEANIC
";Двустекольная;Чёрный;—;—;"32,00 USD
";—;"48,00 USD
";—;Подводная охота;Маски;;;;;;;;;;;;;;;;
;;"Маска MAKO 1 (неопреновый ремешок) моностекло
";"OCEANIC
";Одностекольная;Прозрачный;—;—;"25,00 USD
";—;"38,00 USD
";—;Подводная охота;Маски;;;;;;;;;;;;;;;;
;;"Маска  SHADOW (моностекло)
";"OCEANIC
";Одностекольная;Чёрный;—;—;"30,00 USD
";—;"42,00 USD
";—;Подводная охота;Маски;;;;;;;;;;;;;;;;
;;"Маска PIONEER (двухстекольная)
";"OCEANIC
";Двустекольная;Чёрный;—;—;"70,00 USD
";—;"100,00 USD
";—;Подводная охота;Маски;;;;;;;;;;;;;;;;
;;"Маска PIONEER 2 (двухстекольная)
";"OCEANIC
";Двустекольная;Чёрный;—;—;"71,00 USD
";—;"100,00 USD
";—;Подводная охота;Маски;;;;;;;;;;;;;;;;
;;"Диоптрийные стекла к маске ION
";"OCEANIC
";—;—;—;—;"16,00 USD
";—;"22,00 USD
";—;Подводная охота;Маски;;;;;;;;;;;;;;;;
;;"Диоптрийные стекла к маске ALIEN -1,5  - 6,0
";Omer;—;—;—;—;17,00 €;—;25,00 €;—;Подводная охота;Маски;;;;;;;;;;;;;;;;
;;"Маска INFIMA двухстекольная
";Picasso;Двустекольная;Чёрный;—;—;31,00 €;—;44,00 €;—;Подводная охота;Маски;;;;;;;;;;;;;;;;
;;"Маска HALO
";Picasso;Двустекольная;Чёрный;—;—;22,00 €;—;32,00 €;—;Подводная охота;Маски;;;;;;;;;;;;;;;;
;;"Маска DEEP  двухстекольная
";Picasso;Двустекольная;Чёрный;—;—;22,50 €;—;34,00 €;—;Подводная охота;Маски;;;;;;;;;;;;;;;;
;;"Маска DEEP GREEN  двухстекольная
";Picasso;Двустекольная;Зеленый;—;—;27,00 €;—;40,00 €;—;Подводная охота;Маски;;;;;;;;;;;;;;;;
;;"Маска MUST  двухстекольная
";Picasso;Двустекольная;Чёрный;—;—;24,00 €;—;34,00 €;—;Подводная охота;Маски;;;;;;;;;;;;;;;;
;;"Маска DEVIL моностекло 
";Sub Gear;Одностекольная;Чёрный;—;—;18,00 €;—;26,00 €;—;Подводная охота;Маски;;;;;;;;;;;;;;;;
;;"Маска GHOST моностекло
";Sub Gear;Одностекольная;Белый;—;—;18,50 €;—;26,00 €;—;Подводная охота;Маски;;;;;;;;;;;;;;;;
;;"Маска SPRITE моностекло
";Sub Gear;Одностекольная;Чёрный;—;—;18,50 €;—;26,00 €;—;Подводная охота;Маски;;;;;;;;;;;;;;;;
;;"Маска STEEL просветленная двухстекольная
";Sub Gear;Двустекольная;Чёрный;—;—;24,50 €;—;35,00 €;—;Подводная охота;Маски;;;;;;;;;;;;;;;;
;;"Маска STEEL двухстекольная
";Sub Gear;Двустекольная;Чёрный;—;—;22,00 €;—;32,00 €;—;Подводная охота;Маски;;;;;;;;;;;;;;;;
;;"Маска PRO EAR 2000 ( c ушами)
";Sub Gear;Двустекольная;Прозрачный;—;—;70,00 €;—;105,00 €;—;Подводная охота;Маски;;;;;;;;;;;;;;;;
;;"Маска VIBE (моностекло)
";Sub Gear;Одностекольная;Прозрачный;—;—;19,50 €;—;28,00 €;—;Подводная охота;Маски;;;;;;;;;;;;;;;;
;;"Маска VIBE 2 двухстекольная
";Sub Gear;Двустекольная;Прозрачный;—;—;19,50 €;—;28,00 €;—;Подводная охота;Маски;;;;;;;;;;;;;;;;
;;"Маска VISTA двухстекольная
";Sub Gear;Двустекольная;Чёрный;—;—;18,50 €;—;26,00 €;—;Подводная охота;Маски;;;;;;;;;;;;;;;;
;;"Маска ZOOM двухстекольная
";Sub Gear;Двустекольная;Прозрачный;—;—;16,50 €;—;25,00 €;—;Подводная охота;Маски;;;;;;;;;;;;;;;;
;;"Антифог 30 мл
";Sub Gear;—;—;—;—;3,50 €;—;5,00 €;—;Подводная охота;;;;;;;;;;;;;;;;;
;;"Диоптрийные стекла к маске ZOOM -1,5  - 10
";Sub Gear;—;—;—;—;15,00 €;—;21,00 €;—;Подводная охота;;;;;;;;;;;;;;;;;
;;"Диоптрийные стекла к маске ZOOM +1,5 -+ 4
";Sub Gear;—;—;—;—;16,50 €;—;25,00 €;—;Подводная охота;;;;;;;;;;;;;;;;;
;;"Диоптрийные стекла PRO AER
";Sub Gear;—;—;—;—;12,00 €;—;18,00 €;—;Подводная охота;;;;;;;;;;;;;;;;;
;;"Маска BALTIC моностекло
";Spetton;Одностекольная;Чёрный;—;—;19,00 €;—;27,00 €;—;Подводная охота;Маски;;;;;;;;;;;;;;;;
;;"Маска  DIGITAL/ TERMIC MIMETIC двухстекольная
";Spetton;Двустекольная;Чёрный;—;—;16,00 €;—;29,00 €;—;Подводная охота;Маски;;;;;;;;;;;;;;;;
;;"Маска MINIMAX двухстекольная
";Spetton;Двустекольная;Чёрный;—;—;23,00 €;—;33,00 €;—;Подводная охота;Маски;;;;;;;;;;;;;;;;
;;"Маска  REFLEX двухстекольная
";Spetton;Двустекольная;Чёрный;—;—;16,00 €;—;29,00 €;—;Подводная охота;Маски;;;;;;;;;;;;;;;;
;;"Маска  REFLEX 2 двухстекольная
";Spetton;Двустекольная;Чёрный;—;—;16,00 €;—;29,00 €;—;Подводная охота;Маски;;;;;;;;;;;;;;;;
;;"Маска SYNCRO BLACK двухстекольная
";Spetton;Двустекольная;Чёрный;—;—;20,00 €;—;29,00 €;—;Подводная охота;Маски;;;;;;;;;;;;;;;;
;;"Маска SYNCRO GREEN двухстекольная
";Spetton;Двустекольная;Зеленый;—;—;22,00 €;—;32,00 €;—;Подводная охота;Маски;;;;;;;;;;;;;;;;
;;" Маска MYSTIC GREEN двухстекольная 
";Sporasub;Двустекольная;Зеленый;—;—;"35,00 USD
";—;"51,00 USD
";—;Подводная охота;Маски;;;;;;;;;;;;;;;;
;;" Маска MYSTIC BLACK  двухстекольная 
";Sporasub;Двустекольная;Чёрный;—;—;"30,00 USD
";—;"43,00 USD
";—;Подводная охота;Маски;;;;;;;;;;;;;;;;
;;" Маска MYSTIC BLACKMOON двухстекольная 
";Sporasub;Двустекольная;Чёрный;—;—;"37,00 USD
";—;"53,00 USD
";—;Подводная охота;Маски;;;;;;;;;;;;;;;;
;;" Маска MYSTIC SEA GREEN двухстекольная 
";Sporasub;Двустекольная;Чёрный;—;—;"37,00 USD
";—;"53,00 USD
";—;Подводная охота;Маски;;;;;;;;;;;;;;;;
;;"Маска PIRANHA двухстекольная
";Sporasub;Двустекольная;Чёрный;—;—;"40,00 USD
";—;"57,00 USD
";—;Подводная охота;Маски;;;;;;;;;;;;;;;;
;;"Ремешок к маске MYSTIC
";Sporasub;—;—;—;—;"8,00 USD
";—;"12,00 USD
";—;Подводная охота;;;;;;;;;;;;;;;;;
;;"Маска BRIGHT моностекло
";Tigullio;Одностекольная;Прозрачный;—;—;13,90 €;—;20,00 €;—;Подводная охота;Маски;;;;;;;;;;;;;;;;
;;"Маска BIO-BLACK двухстекольная
";Tigullio;Двустекольная;Чёрный;—;—;17,00 €;—;24,00 €;—;Подводная охота;Маски;;;;;;;;;;;;;;;;
;;"Маска BREATH двухстекольная
";Tigullio;Двустекольная;Чёрный;—;—;21,00 €;—;30,00 €;—;Подводная охота;Маски;;;;;;;;;;;;;;;;
;;"Маска DEVIL двухстекольная
";Tigullio;Двустекольная;Прозрачный;—;—;15,00 €;—;21,00 €;—;Подводная охота;Маски;;;;;;;;;;;;;;;;
;;"Маска DISCOVERY  моностекло
";Tigullio;Одностекольная;Чёрный;—;—;20,00 €;—;28,00 €;—;Подводная охота;Маски;;;;;;;;;;;;;;;;
;;"Маска HYDRO
";Tigullio;Двустекольная;Чёрный;—;—;16,50 €;—;22,00 €;—;Подводная охота;Маски;;;;;;;;;;;;;;;;
;;"Маска ESSENCE LIQUIDSKIN SF (чёрн.-зёленая)
";Mares;Одностекольная;Зеленая;—;—;;—;55,00 €;—;Подводная охота;Маски;;;;;;;;;;;;;;;;
;;"Маска ESSENCE LIQUIDSKIN SF (черн-серая)
";Mares;Одностекольная;Серый;—;—;;—;55,00 €;—;Подводная охота;Маски;;;;;;;;;;;;;;;;
;;"Маска SAMURAI (камуфляж)
";Mares;Двустекольная;Камуфляж;—;—;;—;26,00 €;—;Подводная охота;Маски;;;;;;;;;;;;;;;;
;;"Маска SAMURAI (чёрна)
";Mares;Двустекольная;Чёрный;—;—;;—;26,00 €;—;Подводная охота;Маски;;;;;;;;;;;;;;;;
;;"Маска STAR (камуфляж)
";Mares;Двустекольная;Камуфляж;—;—;;—;30,00 €;—;Подводная охота;Маски;;;;;;;;;;;;;;;;
;;"Маска STAR (чёрна)
";Mares;Двустекольная;Чёрный;—;—;;—;30,00 €;—;Подводная охота;Маски;;;;;;;;;;;;;;;;
;;"Маска STAR ELITE (чёрна)
";Mares;Двустекольная;Чёрный;—;—;;—;34,00 €;—;Подводная охота;Маски;;;;;;;;;;;;;;;;
;;"Маска STAR Liquidskin BK AG (зёлена)
";Mares;Двустекольная;Зеленая;—;—;;—;40,00 €;—;Подводная охота;Маски;;;;;;;;;;;;;;;;
;;"Маска STAR Liquidskin BK AG (серая)
";Mares;Двустекольная;Серый;—;—;;—;40,00 €;—;Подводная охота;Маски;;;;;;;;;;;;;;;;
;;"Маска X-VU Liquidskin BK GR SF (сіра)
";Mares;Одностекольная;Серый;—;—;;—;46,00 €;—;Подводная охота;Маски;;;;;;;;;;;;;;;;
;;"Маска X-VU SF BK BK (чёрна)
";Mares;Двустекольная;Чёрный;—;—;;—;35,00 €;—;Подводная охота;Маски;;;;;;;;;;;;;;;;
;;"Маска X-VU SF BK BWN (коричневая)
";Mares;Двустекольная;Коричневый ;—;—;;—;35,00 €;—;Подводная охота;Маски;;;;;;;;;;;;;;;;
;;"Антифог для маски Antifogger
";Mares;—;—;—;—;;—;6,00 €;—;;;;;;;;;;;;;;;;;;
;;"Набір TANA (маска + трубка) чорний
";Mares;—;—;—;—;;—;43,00 €;—;;;;;;;;;;;;;;;;;;